book	chapter	verse	class	pdf_text	digital_text	note
Génesis	5	29	orthographic	Y llamó su nombre Noé, diciendo: Este nos aliviará de nuestras obras, y del tabajo de nuestras manos, á causa de la tierra que Jehová maldijo.	Y llamó su nombre Noé, diciendo: Este nos aliviará de nuestras obras, y del trabajo de nuestras manos, á causa de la tierra que Jehová maldijo.	
Génesis	10	25	orthographic	Y á Heber nacieron dos hijos: el nombre de uno fué Peleg, porque en sus días fué repartida la tierra; y el nombre de su hermano, Joctán.	Y á Heber nacieron dos hijos: el nombre del uno fué Peleg, porque en sus días fué repartida la tierra; y el nombre de su hermano, Joctán.	
Génesis	11	6	orthographic	Y dijo Jehová: He aquí el pueblo es uno, y todos éstos tienen un lenguaje: y han comenzado á obrar, y nada les retraerá ahora de lo que han pensado hacer.	Y dijo Jehová: He aquí el pueblo es uno, y todos éstos tienen un lenguaje: y han comenzado á obrar, y nada les retraerá ahora de lo que han pensando hacer.	
Génesis	31	37	orthographic	Pues que has tentado todos mis muebles, ¿qué has hallado de todas las alhajas de tu casa? Ponlo aquí denlante de mis hermanos y tuyos, y juzguen entre nosotros ambos.	Pues que has tentado todos mis muebles, ¿qué has hallado de todas las alhajas de tu casa? Ponlo aquí delante de mis hermanos y tuyos, y juzguen entre nosotros ambos.	
Génesis	31	55	orthographic	Y levantóse Labán de mañana, y besó sus hijos y sus hijas, y los bendijo; y retrocedió y volvióso á su lugar.	Y levantóse Labán de mañana, y besó sus hijos y sus hijas, y los bendijo; y retrocedió y volvióse á su lugar.	
Génesis	34	10	orthographic	Y habitad con nostros; porque la tierra estará delante de vosotros; morad y negociad en ella, y tomad en ella posesión.	Y habitad con nosotros; porque la tierra estará delante de vosotros; morad y negociad en ella, y tomad en ella posesión.	
Génesis	35	7	orthographic	Y edificó allí un altar, y llamó el lugar El-Beth-el, porque allí le había aparecido Dios, cuando huía de su hermano.	Y edificó allí un altar, y llamó al lugar El-Beth-el, porque allí le había aparecido Dios, cuando huía de su hermano.	
Génesis	35	19	orthographic	Así murió Rachêl, y fué sepultada en el camino del Ephrata, la cual es Beth-lehem.	Así murió Rachêl, y fué sepultada en el camino de Ephrata, la cual es Beth-lehem.	
Génesis	37	17	orthographic	Y aquel hombre respondió: Ya se han ido de aquí; yo les oí decir: Vamos á Dothán. Entonces José fué tras de sus hermanos, y hallólos en Dothán.	Y aquel hombre respondió: Ya se han ido de aquí; y yo les oí decir: Vamos á Dothán. Entonces José fué tras de sus hermanos, y hallólos en Dothán.	
Génesis	40	15	punctuation-only	Porque hurtado he sido de la tierra de los Hebreos; y tampoco he hecho aquí por qué me hubiesen de poner en la cárcel.	Porque hurtado he sido de la tierra de los Hebreos; y tampoco he hecho aquí porqué me hubiesen de poner en la cárcel.	
Génesis	48	17	orthographic	Entonces viendo José que su padre ponía la mano derecha sobre la cabeza de Eprhaim, causóle esto disgusto; y asió la mano de su padre, para mudarla de sobre la cabeza de Ephraim á la cabeza de Manasés.	Entonces viendo José que su padre ponía la mano derecha sobre la cabeza de Ephraim, causóle esto disgusto; y asió la mano de su padre, para mudarla de sobre la cabeza de Ephraim á la cabeza de Manasés.	
Éxodo	20	21	orthographic	Entonces el pueblo se puso de lejos, y Moisés se llegó á la obscuridad en la cual estaba Dios.	Entonces el pueblo se puso de lejos, y Moisés se llegó á la osbcuridad, en la cual estaba Dios.	
Éxodo	21	2	orthographic	Si comprares siervo hebreo, seis años servirá; mas al séptimo saldrá horro de balde.	Si comprares siervo hebreo, seis años servirá; mas el séptimo saldrá horro de balde.	
Éxodo	28	43	orthographic	Y estarán sobre Aarón y sobre sus hijos cuando entraren en el tabernáculo de testimonio, ó cuando se llegaren al altar para servir en el santuario, porque no lleven pecado, y mueran. Estatuto perpetuo para él, y para su simiente después de él.	Y estarán sobre Aarón y sobre sus hijos cuando entraren en el tabernáculo del testimonio, ó cuando se llegaren al altar para servir en el santuario, porque no lleven pecado, y mueran. Estatuto perpetuo para él, y para su simiente después de él.	
Levítico	7	13	orthographic	Con tortas de pan leudo ofrecerá su ofrenda en el sacrificio de hacimiento de gracias de sus paces.	Con tortas de pan leudo ofrecerá su ofrenda en el sacrificio de hacimientos de gracias de sus paces.	
Levítico	14	36	punctuation-only	Entonces mandará el sacerdote, y despejarán la casa antes que el sacerdote entre á mirar la plaga, por que no sea contaminado todo lo que estuviere en la casa: y después el sacerdote entrará á reconocer la casa:	Entonces mandará el sacerdote, y despejarán la casa antes que el sacerdote entre á mirar la plaga, porque no sea contaminado todo lo que estuviere en la casa: y después el sacerdote entrará á reconocer la casa:	
Levítico	18	10	orthographic	La desnudez de la hija de tu hijo, ó de la hija de tu hija, su desnudez no descubirás, porque es la desnudez tuya.	La desnudez de la hija de tu hijo, ó de la hija de tu hija, su desnudez no descubrirás, porque es la desnudez tuya.	
Levítico	21	20	orthographic	O corcobado, ó lagañoso, ó que tuviere nube en el ojo, ó que tenga sarna, ó empeine, ó compañón relajado;	O corcovado, ó lagañoso, ó que tuviere nube en el ojo, ó que tenga sarna, ó empeine, ó compañón relajado;	
Levítico	26	18	orthographic	Y si aun con estas cosas no me oyereis, yo tornaré á castigaros siete veces más por vuestros pecados.	Y si aun con esas cosas no me oyereis, yo tornaré á castigaros siete veces más por vuestros pecados.	
Números	12	5	orthographic	Entonces Jehová descendió en la columna de la nube, y púsose á la la puerta del tabernáculo, y llamó á Aarón y á María; y salieron ellos ambos.	Entonces Jehová descendió en la columna de la nube, y púsose á la puerta del tabernáculo, y llamó á Aarón y á María; y salieron ellos ambos.	
Números	12	16	SUBSTANTIVE	Y DESPUÉS movió el pueblo de Haseroth, y asentaron el campo en el desierto de Parán.		
Números	13	1	DIGITAL-MISALIGNED->2	Y Jehová habló á Moisés, diciendo:	Y DESPUÉS movió el pueblo de Haseroth, y asentaron el campo en el desierto de Parán.	
Números	13	2	DIGITAL-MISALIGNED->3	Envía tú hombres que reconozcan la tierra de Canaán, la cual yo doy á los hijos de Israel: de cada tribu de sus padres enviaréis un varón, cada uno príncipe entre ellos.	Y Jehová habló á Moisés, diciendo:	
Números	13	3	DIGITAL-MISALIGNED->4	Y Moisés los envío desde el desierto de Parán, conforme á la palabra de Jehová: y todos aquellos varones eran príncipes de los hijos de Israel.	Envía tú hombres que reconozcan la tierra de Canaán, la cual yo doy á los hijos de Israel: de cada tribu de sus padres enviaréis un varón, cada uno príncipe entre ellos.	
Números	13	4	DIGITAL-MISALIGNED->5	Los nombres de los cuales son estos: De la tribu de Rubén, Sammua hijo de Zaccur.	Y Moisés los envió desde el desierto de Parán, conforme á la palabra de Jehová: y todos aquellos varones eran príncipes de los hijos de Israel.	
Números	13	5	DIGITAL-MISALIGNED->6	De la tribu de Simeón, Saphat hijo de Hurí.	Los nombres de los cuales son éstos: De la tribu de Rubén, Sammua hijo de Zaccur.	
Números	13	6	DIGITAL-MISALIGNED->7	De la tribu de Judá, Caleb hijo de Jephone.	De la tribu de Simeón, Saphat hijo de Hurí.	
Números	13	7	DIGITAL-MISALIGNED->8	De la tribu de Issachâr, Igal hijo de Joseph.	De la tribu de Judá, Caleb hijo de Jephone.	
Números	13	8	DIGITAL-MISALIGNED->9	De la tribu de Ephraim, Oseas hijo de Nun.	De la tribu de Issachâr, Igal hijo de Joseph.	
Números	13	9	DIGITAL-MISALIGNED->10	De la tribu de Benjamín, Palti hijo de Raphu.	De la tribu de Ephraim, Oseas hijo de Nun.	
Números	13	10	DIGITAL-MISALIGNED->11	De la tribu de Zabulón, Gaddiel hijo de Sodi.	De la tribu de Benjamín, Palti hijo de Raphu.	
Números	13	11	DIGITAL-MISALIGNED->12	De la tribu de José, de la tribu de Manasés, Gaddi hijo de Susi.	De la tribu de Zabulón, Gaddiel hijo de Sodi.	
Números	13	12	DIGITAL-MISALIGNED->13	De la tribu de Dan, Ammiel hijo de Gemalli.	De la tribu de José, de la tribu de Manasés, Gaddi hijo de Susi.	
Números	13	13	DIGITAL-MISALIGNED->14	De la tribu de Aser, Sethur hijo de Michâel.	De la tribu de Dan, Ammiel hijo de Gemalli.	
Números	13	14	DIGITAL-MISALIGNED->15	De la tribu de Nephtalí, Nahabí hijo de Vapsi.	De la tribu de Aser, Sethur hijo de Michâel.	
Números	13	15	SUBSTANTIVE	De la tribu de Gad, Gehuel hijo de Machî.	De la tribu de Nephtalí, Nahabí hijo de Vapsi.	
Números	13	16	DIGITAL-MISALIGNED->17	Estos son los nombres de los varones que Moisés envió á reconocer la tierra: y á Oseas hijo de Nun, le puso Moisés el nombre de Josué.	De la tribu de Gad, Geuel hijo de Machî.	
Números	13	17	DIGITAL-MISALIGNED->18	Enviólos, pues, Moisés á reconocer la tierra de Canaán, diciéndoles: Subid por aquí, por el mediodía, y subid al monte:	Estos son los nombres de los varones que Moisés envió á reconocer la tierra: y á Oseas hijo de Nun, le puso Moisés el nombre de Josué.	
Números	13	18	DIGITAL-MISALIGNED->19	Y observad la tierra qué tal es; y el pueblo que la habita, si es fuerte ó débil, si poco ó numeroso;	Enviólos, pues, Moisés á reconocer la tierra de Canaán, diciéndoles: Subid por aquí, por el mediodía, y subid al monte:	
Números	13	19	DIGITAL-MISALIGNED->20	Qué tal la tierra habitada, si es buena ó mala; y qué tales son las ciudades habitadas, si de tiendas ó de fortalezas;	Y observad la tierra qué tal es; y el pueblo que la habita, si es fuerte ó débil, si poco ó numeroso;	
Números	13	20	DIGITAL-MISALIGNED->21	Y cuál sea el terreno, si es pingüe ó flaco, si en él hay ó no árboles: y esforzaos, y coged del fruto del país. Y el tiempo era el tiempo de las primeras uvas.	Qué tal la tierra habitada, si es buena ó mala; y qué tales son las ciudades habitadas, si de tiendas ó de fortalezas;	
Números	13	21	DIGITAL-MISALIGNED->22	Y ellos subieron, y reconocieron la tierra desde el desierto de Zin hasta Rehob, entrando en Emath.	Y cuál sea el terreno, si es pingüe ó flaco, si en él hay ó no árboles: y esforzaos, y coged del fruto del país. Y el tiempo era el tiempo de las primeras uvas.	
Números	13	22	DIGITAL-MISALIGNED->23	Y subieron por el mediodía, y vinieron hasta Hebrón: y allí estaban Aimán, y Sesai, y Talmai, hijos de Anac. Hebrón fué edificada siete años antes de Zoán, la de Egipto.	Y ellos subieron, y reconocieron la tierra desde el desierto de Zin hasta Rehob, entrando en Emath.	
Números	13	23	DIGITAL-MISALIGNED->24	Y llegaron hasta el arroyo de Escol, y de allí cortaron un sarmiento con un racimo de uvas, el cual trajeron dos en un palo, y de las granadas y de los higos.	Y subieron por el mediodía, y vinieron hasta Hebrón: y allí estaban Aimán, y Sesai, y Talmai, hijos de Anac. Hebrón fué edificada siete años antes de Zoán, la de Egipto.	
Números	13	24	DIGITAL-MISALIGNED->25	Y llamóse aquel lugar Nahal-escol por el racimo que cortaron de allí los hijos de Israel.	Y llegaron hasta el arroyo de Escol, y de allí cortaron un sarmiento con un racimo de uvas, el cual trajeron dos en un palo, y de las granadas y de los higos.	
Números	13	25	DIGITAL-MISALIGNED->26	Y volvieron de reconocer la tierra al cabo de cuarenta días.	Y llamóse aquel lugar Nahal-escol, por el racimo que cortaron de allí los hijos de Israel.	
Números	13	26	DIGITAL-MISALIGNED->27	Y anduvieron y vinieron á Moisés y á Aarón, y á toda la congregación de los hijos de Israel, en el desierto de Parán, en Cades, y diéronles la respuesta, y á toda la congregación, y les mostraron el fruto de la tierra.	Y volvieron de reconocer la tierra al cabo de cuarenta días.	
Números	13	27	DIGITAL-MISALIGNED->28	Y le contaron, y dijeron: Nosotros llegamos á la tierra á la cual nos enviaste, la que ciertamente fluye leche y miel; y este es el fruto de ella.	Y anduvieron y vinieron á Moisés y á Aarón, y á toda la congregación de los hijos de Israel, en el desierto de Parán, en Cades, y diéronles la respuesta, y á toda la congregación, y les mostraron el fruto de la tierra.	
Números	13	28	DIGITAL-MISALIGNED->29	Mas el pueblo que habita aquella tierra es fuerte, y las ciudades muy grandes y fuertes; y también vimos allí los hijos de Anac.	Y le contaron, y dijeron: Nosotros llegamos á la tierra á la cual nos enviaste, la que ciertamente fluye leche y miel; y este es el fruto de ella.	
Números	13	29	DIGITAL-MISALIGNED->30	Amalec habita la tierra del mediodía; y el Hetheo, y el Jebuseo, y el Amorrheo, habitan en el monte; y el Cananeo habita junto á la mar, y á la ribera del Jordán.	Mas el pueblo que habita aquella tierra es fuerte, y las ciudades muy grandes y fuertes; y también vimos allí los hijos de Anac.	
Números	13	30	DIGITAL-MISALIGNED->31	Entonces Caleb hizo callar el pueblo delante de Moisés, y dijo: Subamos luego, y poseámosla; que más podremos que ella.	Amalec habita la tierra del mediodía; y el Hetheo, y el Jebuseo, y el Amorrheo, habitan en el monte; y el Cananeo habita junto á la mar, y á la ribera del Jordán.	
Números	13	31	DIGITAL-MISALIGNED->32	Mas los varones que subieron con él, dijeron: No podremos subir contra aquel pueblo; porque es más fuerte que nosotros.	Entonces Caleb hizo callar el pueblo delante de Moisés, y dijo: Subamos luego, y poseámosla; que más podremos que ella.	
Números	13	32	SUBSTANTIVE	y vituperaron entre los hijos de Israel la tierra que habían reconocido, diciendo: La tierra por donde pasamos para reconocerla, es tierra que traga á sus moradores; y todo el pueblo que vimos en medio de ella, son hombres de grande estatura.	Mas los varones que subieron con él, dijeron: No podremos subir contra aquel pueblo; porque es más fuerte que nosotros.	
Números	13	33	SUBSTANTIVE	También vimos allí gigantes, hijos de Anac, raza de los gigantes: y éramos nosotros, á nuestro parecer, como langostas; y así les parecíamos á ellos.	Y vituperaron entre los hijos de Israel la tierra que habían reconocido, diciendo: La tierra por donde pasamos para reconocerla, es tierra que traga á sus moradores; y todo el pueblo que vimos en medio de ella, son hombres de grande estatura. También vimos allí gigantes, hijos de Anac, raza de los gigantes: y éramos nosotros, á nuestro parecer, como langostas; y así les parecíamos á ellos.	
Números	15	34	punctuation-only	Y pusiéronlo en la cárcel, porque no estaba declarado qué le habían de hacer.	Y pusiéronlo en la cárcel, por que no estaba declarado qué le habían de hacer.	
Números	16	25	orthographic	Y Moisés se levantó, y fué á Dathán y Abiram; y los ancianos de Israel fueron en pos de él.	Y Moisés se levantó, y fué á Dathán y á Abiram; y los ancianos de Israel fueron en pos de él.	
Números	16	26	punctuation-only	Y él habló á la congregación, diciendo: Apartaos ahora de las tiendas de estos impíos hombres, y no toquéis ninguna cosa suya, porque no perezcáis en todos sus pecados.	Y él habló á la congregación, diciendo: Apartaos ahora de las tiendas de estos impíos hombres, y no toquéis ninguna cosa suya, por que no perezcáis en todos sus pecados.	
Números	21	5	orthographic	Y habló el pueblo contra Dios y Moisés: ¿Por qué nos hicisteis subir de Egipto para que muramos en este desierto? que ni hay pan, ni agua, y nuestra alma tiene fastidio de este pan tan liviano.	Y habló el pueblo contra Dios y Moisés: ¿Por qué nos hiciste subir de Egipto para que muramos en este desierto? que ni hay pan, ni agua, y nuestra alma tiene fastidio de este pan tan liviano.	
Números	21	16	orthographic	Y de allí vinieron á Beer: este es el pozo del cual Jehová dijo á Moisés: Junta al pueblo, y les daré agua.	Y de allí vinieron á Beer: este es el pozo del cual Jehová dijo á Moisés: Junta el pueblo, y les daré agua.	
Números	29	40	SUBSTANTIVE	Y MOISÉS dijo á los hijos de Israel, conforme á todo lo que Jehová le había mandado.		
Números	30	1	DIGITAL-MISALIGNED->2	Y habló Moisés á los príncipes de las tribus de los hijos de Israel, diciendo: Esto es lo que Jehová ha mandado.	Y MOISÉS dijo á los hijos de Israel, conforme á todo lo que Jehová le había mandado.	
Números	30	2	DIGITAL-MISALIGNED->3	Cuando alguno hiciere voto á Jehová, ó hiciere juramento ligando su alma con obligación, no violará su palabra: hará conforme á todo lo que salió de su boca.	Y habló Moisés á los príncipes de las tribus de los hijos de Israel, diciendo: Esto es lo que Jehová ha mandado.	
Números	30	3	DIGITAL-MISALIGNED->4	Mas la mujer, cuando hiciere voto á Jehová, y se ligare con obligación en casa de su padre, en su mocedad;	Cuando alguno hiciere voto á Jehová, ó hiciere juramento ligando su alma con obligación, no violará su palabra: hará conforme á todo lo que salió de su boca.	
Números	30	4	DIGITAL-MISALIGNED->5	Si su padre oyere su voto, y la obligación con que ligó su alma, y su padre callare á ello, todos los votos de ella serán firmes, y toda obligación con que hubiere ligado su alma, firme será.	Mas la mujer, cuando hiciere voto á Jehová, y se ligare con obligación en casa de su padre, en su mocedad;	
Números	30	5	DIGITAL-MISALIGNED->6	Mas si su padre le vedare el día que oyere todos sus votos y sus obligaciones, con que ella hubiere ligado su alma, no serán firmes; y Jehová la perdonará, por cuanto su padre le vedó.	Si su padre oyere su voto, y la obligación con que ligó su alma, y su padre callare á ello, todos los votos de ella serán firmes, y toda obligación con que hubiere ligado su alma, firme será.	
Números	30	6	DIGITAL-MISALIGNED->7	Empero si fuere casada, é hiciere votos, o pronunciare de sus labios cosa con que obligue su alma;	Mas si su padre le vedare el día que oyere todos sus votos y sus obligaciones, con que ella hubiere ligado su alma, no serán firmes; y Jehová la perdonará, por cuanto su padre le vedó.	
Números	30	7	DIGITAL-MISALIGNED->8	Si su marido lo oyere, y cuando lo oyere callare á ello, los votos de ella serán firmes, y la obligación con que ligó su alma, firme será.	Empero si fuere casada, é hiciere votos, ó pronunciare de sus labios cosa con que obligue su alma;	
Números	30	8	DIGITAL-MISALIGNED->9	Pero si cuando su marido lo oyó, le vedó, entonces el voto que ella hizo, y lo que pronunció de sus labios con que ligó su alma, será nulo; y Jehová lo perdonará.	Si su marido lo oyere, y cuando lo oyere callare á ello, los votos de ella serán firmes, y la obligación con que ligó su alma, firme será.	
Números	30	9	DIGITAL-MISALIGNED->10	Mas todo voto de viuda, ó repudiada, con que ligare su alma, será firme.	Pero si cuando su marido lo oyó, le vedó, entonces el voto que ella hizo, y lo que pronunció de sus labios con que ligó su alma, será nulo; y Jehová lo perdonará.	
Números	30	10	DIGITAL-MISALIGNED->11	Y si hubiere hecho voto en casa de su marido, y hubiere ligado su alma con obligación de juramento,	Mas todo voto de viuda, ó repudiada, con que ligare su alma, será firme.	
Números	30	11	DIGITAL-MISALIGNED->12	Si su marido oyó, y calló á ello, y no le vedó; entonces todos sus votos serán firmes, y toda obligación con que hubiere ligado su alma, firme será.	Y si hubiere hecho voto en casa de su marido, y hubiere ligado su alma con obligación de juramento,	
Números	30	12	DIGITAL-MISALIGNED->13	Mas si su marido los anuló el día que los oyó; todo lo que salió de sus labios cuanto á sus votos, y cuanto á la obligación de su alma, será nulo; su marido los anuló, y Jehová la perdonará.	Si su marido oyó, y calló á ello, y no le vedó; entonces todos sus votos serán firmes, y toda obligación con que hubiere ligado su alma, firme será.	
Números	30	13	DIGITAL-MISALIGNED->14	Todo voto, ó todo juramento obligándose á afligir el alma, su marido lo confirmará, ó su marido lo anulará.	Mas si su marido los anuló el día que los oyó; todo lo que salió de sus labios cuanto á sus votos, y cuanto á la obligación de su alma, será nulo; su marido los anuló, y Jehová la perdonará.	
Números	30	14	DIGITAL-MISALIGNED->15	Empero si su marido callare á ello de día en día, entonces confirmó todos sus votos, y todas las obligaciones que están sobre ella: confirmólas, por cuanto calló á ello el día que lo oyó.	Todo voto, ó todo juramento obligándose á afligir el alma, su marido lo confirmará, ó su marido lo anulará.	
Números	30	15	SUBSTANTIVE	Mas si las anulare después de haberlas oído, entonces él llevará el pecado de ella.	Empero si su marido callare á ello de día en día, entonces confirmó todos sus votos, y todas las obligaciones que están sobre ella: confirmólas, por cuanto calló á ello el día que lo oyó.	
Números	30	16	SUBSTANTIVE	Estas son las ordenanzas que Jehová mandó á Moisés entre el varón y su mujer, entre el padre y su hija, durante su mocedad en casa de su padre.	Mas si las anulare después de haberlas oído, entonces él llevará el pecado de ella. Estas son las ordenanzas que Jehová mandó á Moisés entre el varón y su mujer, entre el padre y su hija, durante su mocedad en casa de su padre.	
Números	31	37	orthographic	Y el tributo para Jehová de la ovejas, fué seiscientas setenta y cinco.	Y el tributo para Jehová de las ovejas, fué seiscientas setenta y cinco.	
Números	32	16	orthographic	Entonces ellos se allegaron á él y dijeron: Edificaremos aquí majadas para nuestro ganado, y ciudades para nuestros niños;	Entonces ellos se llegaron á él y dijeron: Edificaremos aquí majadas para nuestro ganado, y ciudades para nuestros niños;	
Deuteronomio	1	33	orthographic	El cual iba delante de vosotros por el camino, para reconoceros el lugar donde habíais de asentar el campo, con fuego de noche para mostraros el camino por donde aduvieseis, y con nube de día.	El cual iba delante de vosotros por el camino, para reconoceros el lugar donde habíais de asentar el campo, con fuego de noche para mostraros el camino por donde anduvieseis, y con nube de día.	
Deuteronomio	20	15	orthographic	Así harás á todas la ciudades que estuvieren muy lejos de ti, que no fueren de las ciudades de estas gentes.	Así harás á todas las ciudades que estuvieren muy lejos de ti, que no fueren de las ciudades de estas gentes.	
Deuteronomio	21	22	orthographic	Cuando en alguno hubiere pecado de sentencia de muerte, por el que haya de morir, y le habrás colgado de un madero,	Cuando en alguno hubiere pecado de sentencia de muerte, por el que haya de morir, y le habrás colgado en un madero,	
Deuteronomio	22	25	orthographic	Mas si el hombre halló una moza desposada en la campo, y él la agarrare, y se echare con ella, morirá sólo el hombre que con ella se habrá echado;	Mas si el hombre halló una moza desposada en el campo, y él la agarrare, y se echare con ella, morirá sólo el hombre que con ella se habrá echado;	
Deuteronomio	25	11	orthographic	Cuando algunos riñeren juntos el uno con el otro, y llegare la mujer del uno para librar á su marido de mano del que le hiere, y metiere su mano y le trabare de sus vergüenzas;	Cuando algunos riñeren juntos el uno con el otro, y llegare la mujer del uno para librar á su marido de mano del que le hiriere, y metiere su mano y le trabare de sus vergüenzas;	
Deuteronomio	28	53	orthographic	Y comerás el fruto de tu vientre, la carne de tus hijos y de tus hijas que Jehová tu Dios te dió, en el cerco y en al apuro con que te angustiará tu enemigo.	Y comerás el fruto de tu vientre, la carne de tus hijos y de tus hijas que Jehová tu Dios te dió, en el cerco y en el apuro con que te angustiará tu enemigo.	
Deuteronomio	28	61	orthographic	Asismismo toda enfermedad y toda plaga que no está escrita en el libro de esta ley, Jehová la enviará sobre ti, hasta que tú seas destruído.	Asimismo toda enfermedad y toda plaga que no está escrita en el libro de esta ley, Jehová la enviará sobre ti, hasta que tú seas destruído.	
Deuteronomio	29	27	orthographic	Encendióse por tanto, el furor de Jehová contra esta tierrra, para traer sobre ella todas las maldiciones escritas en este libro;	Encendióse por tanto, el furor de Jehová contra esta tierra, para traer sobre ella todas las maldiciones escritas en este libro;	
Josué	10	37	orthographic	Y tomándola, la metieron á cuchillo, á su rey y á todas su ciudades, con todo lo que en ella había vivo, sin quedar nada: como habían hecho á Eglón, así la destruyeron con todo lo que en ella había vivo.	Y tomándola, la metieron á cuchillo, á su rey y á todas sus ciudades, con todo lo que en ella había vivo, sin quedar nada: como habían hecho á Eglón, así la destruyeron con todo lo que en ella había vivo.	
Josué	13	26	punctuation-only	Y desde Hesbón hasta Ramath-mispe, y Betonim; y desde Mahanaim hasta el término de Debir:	Y desde Hesbón hasta Ramathmispe, y Betonim; y desde Mahanaim hasta el término de Debir:	
Josué	15	9	orthographic	Y rodea este término desde la cumbre del monte hasta la fuente de las aguas de Nephtoa, y sale á las ciudades del monte de Ephrón, rodeando luego el mismo término á Baala, la cual es Chîriath-jearim.	Y rodea este término desde la cumbre del monte hasta la fuente de las aguas de Nephtoa, y sale á la ciudades del monte de Ephrón, rodeando luego el mismo término á Baala, la cual es Chîriath-jearim.	
Josué	15	24	orthographic	Ziph, y Telem, Bealoth,	Ziph, y Telem, y Bealoth,	
Josué	16	6	orthographic	Y sale este término á la mar, y á Michmetat al norte, y da vuelta este término hacia el oriente á Tanath-silo, y de aquí pasa al oriente á Janoa:	Y sale este término á la mar, y á Michmetat al norte, y da vuelta este término hacia el oriente á Tanath-silo, y de aquí pasa del oriente á Janoa:	
Josué	21	41	orthographic	Y todas las villas de los Levitas en medio de la posesión de los hijos de Israel, fueron cuarenta y ocho villas con sus ejidos.	Y todas la villas de los Levitas en medio de la posesión de los hijos de Israel, fueron cuarenta y ocho villas con sus ejidos.	
Josué	21	45	orthographic	No faltó palabra de todas las buenas que habló Jehová á la casa de Israel; todo se cumplió.	No faltó palabra de todas la buenas que habló Jehová á la casa de Israel; todo se cumplió.	
Josué	22	9	orthographic	Y los hijos de Rubén y los hijos de Gad, y la media tribu de Manasés, se tornaron, y partiéronse de los hijos de Israel, de Silo, que está en la tierra de Canaán, para ir á la tierra de Galaad, á la tierra de sus posesiones, de la cual eran poseedores, según palabra de Jehová por mano de Moisés.	Y los hijos de Rubén y los hijos de Gad, y la media tribu de Manasés, se tornaron, y partiéronse de los hijos de Israel, de Silo, que está en la tierra de Canaán, para ir á la tierra de Galaad, á la tierra de sus posesiones, de la cual eran poseedores, según la palabra de Jehová por mano de Moisés.	
Josué	23	14	orthographic	Y he aquí que yo estoy para entrar hoy por el camino de toda la tierra: reconoced, pues, con todo vuestro corazón y con toda vuestra alma, que no se ha perdido una palabra de todas las buenas palabras que Jehová vuestro Dios había dicho de vosotros: todas os han venido, no se ha perdido de ellas ni una.	Y he aquí que yo estoy para entrar hoy por el camino de toda la tierra: reconoced, pues, con todo vuestro corazón y con toda vuestra alma, que no se ha perdido una palabra de todas la buenas palabras que Jehová vuestro Dios había dicho de vosotros: todas os han venido, no se ha perdido de ellas ni una.	
Jueces	2	9	orthographic	Y enterráronlo en el término de su heredad en Timnath-sera, en el monte de Ephraim, el norte del monte de Gaas.	Y enterráronlo en el término de su heredad en Timnath-sera, en el monte de Ephraim, al norte del monte de Gaas.	
Jueces	6	13	orthographic	Y Gedeón le respondió: Ah, Señor mío, si Jehová es con nosotros, ¿por qué nos ha sobrevenido todo esto? ¿Y dónde están todas sus maravillas, que nuestros padres nos han contado, diciendo: ¿No nos sacó Jehová de Egipto? Y ahora Jehová nos ha desamparado, y nos ha entregado en manos de los Madianitas.	Y Gedeón le respondió: Ah, Señor mío, si Jehová es con nosotros, ¿por qué nos ha sobrevenido todo esto? ¿Y dónde están todas sus maravillas, que nuestros padres nos han contado, diciendo: ¿No nos sacó Jehová de Egipto? Y ahora Jehová nos ha desamparado, y nos ha entregado en mano de los Madianitas.	
Jueces	9	41	orthographic	Y Abimilech se quedó en Aruma; y Zebul echó fuera á Gaal y á sus hermanos, para que no morasen en Sichêm.	Y Abimelech se quedó en Aruma; y Zebul echó fuera á Gaal y á sus hermanos, para que no morasen en Sichêm.	
Jueces	14	18	DIGITAL-MISALIGNED->19	Y al séptimo día, antes que el sol se pusiese, los de la ciudad le dijeron: ¿Qué cosa más dulce que la miel? ¿Y qué cosa más fuerte que el león? Y él les respondió: Y él les respondió: Si no araseis con mi novilla, Nunca hubierais descubierto mi enigma.	Y al séptimo día, antes que el sol se pusiese, los de la ciudad le dijeron: ¿Qué cosa más dulce que la miel? ¿y qué cosa más fuerte que el león?	
Jueces	14	19	SUBSTANTIVE	Y el espíritu de Jehová cayó sobre él, y descendió á Ascalón, é hirió treinta hombres de ellos; y tomando sus despojos, dió las mudas de vestidos á los que habían explicado el enigma: y encendido en enojo fuése á casa de su padre.	Y él les respondió: Si no araseis con mi novilla, nunca hubierais descubierto mi enigma.	
Jueces	14	20	SUBSTANTIVE	Y la mujer de Samsón fué dada á su compañero, con el cual él antes se acompañaba.	Y el espíritu de Jehová cayó sobre él, y descendió á Ascalón, é hirió treinta hombres de ellos; y tomando sus despojos, dió las mudas de vestidos á los que habían explicado el enigma: y encendido en enojo fuése á casa de su padre. Y la mujer de Samsón fué dada á su compañero, con el cual él antes se acompañaba.	
Jueces	15	3	orthographic	Y Samsón les repondió: Yo seré sin culpa esta vez para con los Filisteos, si mal les hiciere.	Y Samsón les respondió: Yo seré sin culpa esta vez para con los Filisteos, si mal les hiciere.	
Jueces	20	37	orthographic	Entonces las emboscadas acometieron prestamente Gabaa, y se extendieron, y pasaron á cuchillo toda la ciudad.	Entonces las emboscadas acometieron prestamente á Gabaa, y se extendieron, y pasaron á cuchillo toda la ciudad.	
Rut	1	13	orthographic	¿habíais vosotras de esperarlos hasta que fuesen grandes? ¿habíais vosotras de quedaros sin casar por amor de ellos? No, hijas mías; que mayor amargura tengo yo que vosotras, pues la mano de Jehová ha salido contra mí.	¿Habíais vosotras de esperarlos hasta que fuesen grandes? ¿habías vosotras de quedaros sin casar por amor de ellos? No, hijas mías; que mayor amargura tengo yo que vosotras, pues la mano de Jehová ha salido contra mí.	
1 Samuel	4	5	orthographic	Y aconteció que, como el arca del pacto de Jehová vino al campo, todo Israel dió grita con tan grande júbilo, que la tierra tembló.	Y aconteció que, como el arca del pacto de Jehová vino al campo, todo Israel dió grita con tan gran júbilo, que la tierra tembló.	
1 Samuel	6	4	orthographic	Y ellos dijeron: ¿Y qué será la expiación que le pagaremos? Y ellos respondieron: Conforme al número de los príncipes de los Filisteos, cinco hermorroides de oro, y cinco ratones de oro, porque la misma plaga que todos tienen, tienen también vuestros príncipes.	Y ellos dijeron: ¿Y qué será la expiación que le pagaremos? Y ellos respondieron: Conforme al número de los príncipes de los Filisteos, cinco hemorroides de oro, y cinco ratones de oro, porque la misma plaga que todos tienen, tienen también vuestros príncipes.	
1 Samuel	7	2	orthographic	Y aconteció que desde el día que llegó el arca á Chîriath-jearim pasaron mucho días, veinte años; y toda la casa de Israel lamentaba en pos de Jehová.	Y aconteció que desde el día que llegó el arca á Chîriath-jearim pasaron muchos días, veinte años; y toda la casa de Israel lamentaba en pos de Jehová.	
1 Samuel	7	14	orthographic	Y fueron restituídas á los hijos de Israel las ciudades que los Filisteos habían tomado á los Isrelitas, desde Ecrón hasta Gath, con sus términos: é Israel las libró de mano de los Filisteos. Y hubo paz entre Israel y el Amorrheo.	Y fueron restituídas á los hijos de Israel las ciudades que los Filisteos habían tomado á los Israelitas, desde Ecrón hasta Gath, con sus términos: é Israel las libró de mano de los Filisteos. Y hubo paz entre Israel y el Amorrheo.	
1 Samuel	11	8	orthographic	Y contóles en Bezec; y fueron los hijos de Israel trescientos mil, y treinta mil los hombres de Judá.	Y contólos en Bezec; y fueron los hijos de Israel trescientos mil, y treinta mil los hombres de Judá.	
1 Samuel	11	12	orthographic	El pueblo entonces dijo á Samuel: ¿Quiénes son los que decían: Reinará Saúl sobre nosotros? Dadnos esos hombres, y los mataremos.	El pueblo entonces dijo á Samuel: ¿Quiénes son lo que decían: Reinará Saúl sobre nosotros? Dadnos esos hombres, y los mataremos.	
1 Samuel	12	11	punctuation-only	Entonces Jehová envió á Jero-baal, y á Bedán, y á Jephté, y á Samuel, y os libró de mano de vuestros enemigos alrededor, y habitasteis seguros.	Entonces Jehová envió á Jerobaal, y á Bedán, y á Jephté, y á Samuel, y os libró de mano de vuestros enemigos alrededor, y habitasteis seguros.	
1 Samuel	15	3	orthographic	Ve pues, y hiere á Amalec, y destuiréis en él todo lo que tuviere: y no te apiades de él: mata hombres y mujeres, niños y mamantes, vacas y ovejas, camellos y asnos.	Ve pues, y hiere á Amalec, y destruiréis en él todo lo que tuviere: y no te apiades de él: mata hombres y mujeres, niños y mamantes, vacas y ovejas, camellos y asnos.	
1 Samuel	18	7	orthographic	Y cantaban las mujeres que danzaban, y decían: Saúl hirió sus miles, Y David sus diez miles.	Y cantaban las mujeres que danzaba, y decían: Saúl hirió sus miles, y David sus diez miles.	
1 Samuel	20	7	orthographic	Si él dijere, Bien está, paz tendrá tu siervo; mas si se enojare, sabe que la malicia es en él cosumada.	Si él dijere, Bien está, paz tendrá tu siervo; mas si se enojare, sabe que la malicia es en él consumada.	
1 Samuel	20	42	orthographic	Y Jonathán dijo á David: Vete en paz, que ambos hemos jurado por el nombre de Jehová, diciendo: Jehová sea entre mí y ti, entre mi simiente y la simiente tuya, para siempre. Y él se levantó y fuése; y Jonathán entró en la ciudad.	Y Jonathán dijo á David: Vete en paz, que ambos hemos jurado por el nombre de Jehová, diciendo: Jehová sea entre mí y ti, entre mi simiente y la simiente tuya, para siempre. Y él se levantó y fuése: y Jonathán se entró en la ciudad.	
1 Samuel	23	1	orthographic	Y DIERON aviso á David, dicendo: He aquí que los Filisteos combaten á Keila, y roban las eras.	Y DIERON aviso á David, diciendo: He aquí que los Filisteos combaten á Keila, y roban las eras.	
1 Samuel	23	14	orthographic	Y David se estaba en el desierto en peñas, y habitaba en un monte en el desieto de Ziph; y buscábalo Saúl todos los días, mas Dios no lo entregó en sus manos.	Y David se estaba en el desierto en peñas, y habitaba en un monte en el desierto de Ziph; y buscábalo Saúl todos los días, mas Dios no lo entregó en sus manos.	
1 Samuel	23	29	SUBSTANTIVE	ENTONCES David subió de allí, y habitó en los parajes fuertes en Engaddi.		
1 Samuel	24	1	DIGITAL-MISALIGNED->2	Y como Saúl volvió de los Filisteos, diéronle aviso diciendo: He aquí que David está en el desierto de Engaddi.	ENTONCES David subió de allí, y habitó en los parajes fuertes en Engaddi.	
1 Samuel	24	2	DIGITAL-MISALIGNED->3	Y tomando Saúl tres mil hombres escogidos de todo Israel, fué en busca de David y de los suyos, por las cumbres de los peñascos de las cabras monteses.	Y como Saúl volvió de los Filisteos, diéronle aviso diciendo: He aquí que David está en el desierto de Engaddi.	
1 Samuel	24	3	DIGITAL-MISALIGNED->4	Y como llegó á una majada de ovejas en el camino, donde había una cueva, entró Saúl en ella á cubrir sus pies: y David y los suyos estaban á los lados de la cueva.	Y tomando Saúl tres mil hombres escogidos de todo Israel, fué en busca de David y de los suyos, por las cumbres de los peñascos de las cabras monteses.	
1 Samuel	24	4	SUBSTANTIVE	Entonces los de David le dijeron: He aquí el día que te ha dicho Jehová: He aquí que entrego tu enemigo en tus manos, y harás con él como te pareciere. Y levantóse David, y calladamente cortó la orilla del manto de Saúl.	Y como llegó á una majada de ovejas en el camino, donde había una cueva, entró Saúl en ella á cubrir sus pies: y David y los suyos estaban á los lados de la cueva.	
1 Samuel	24	5	DIGITAL-MISALIGNED->6	Después de lo cual el corazón de David le golpeaba, porque había cortado la orilla del manto de Saúl.	Entonces los de David le dijeron: He aquí el día de que te ha dicho Jehová: He aquí que entrego tu enemigo en tus manos, y harás con él como te pareciere. Y levantóse David, y calladamente cortó la orilla del manto de Saúl.	
1 Samuel	24	6	DIGITAL-MISALIGNED->7	Y dijo á los suyos: Jehová me guarde de hacer tal cosa contra mi señor, el ungido de Jehová, que yo extienda mi mano contra él; porque es el ungido de Jehová.	Después de lo cual el corazón de David le golpeaba, porque había cortado la orilla del manto de Saúl.	
1 Samuel	24	7	DIGITAL-MISALIGNED->8	Así quebrantó David á los suyos con palabras, y no les permitió que se levantasen contra Saúl. Y Saúl, saliendo de la cueva, fuése su camino.	Y dijo á los suyos: Jehová me guarde de hacer tal cosa contra mi señor, el ungido de Jehová, que yo extienda mi mano contra él; porque es el ungido de Jehová.	
1 Samuel	24	8	DIGITAL-MISALIGNED->9	También David se levantó después, y saliendo de la cueva dió voces á las espaldas de Saúl, diciendo: ¡Mi señor el rey! Y como Saúl miró atrás, David inclinó su rostro á tierra, é hizo reverencia.	Así quebrantó David á los suyos con palabras, y no les permitió que se levantasen contra Saúl. Y Saúl, saliendo de la cueva, fuése su camino.	
1 Samuel	24	9	DIGITAL-MISALIGNED->10	Y dijo David á Saúl: ¿Por qué oyes las palabras de los que dicen: Mira que David procura tu mal?	También David se levantó después, y saliendo de la cueva dió voces á las espaldas de Saúl, diciendo: ¡Mi señor el rey! Y como Saúl miró atrás, David inclinó su rostro á tierra, é hizo reverencia.	
1 Samuel	24	10	DIGITAL-MISALIGNED->11	He aquí han visto hoy tus ojos como Jehová te ha puesto hoy en mis manos en la cueva: y dijeron que te matase, mas te perdoné, porque dije: No extenderé mi mano contra mi señor, porque ungido es de Jehová.	Y dijo David á Saúl: ¿Por qué oyes las palabras de los que dicen: Mira que David procura tu mal?	
1 Samuel	24	11	DIGITAL-MISALIGNED->12	Y mira, padre mío, mira aún la orilla de tu manto en mi mano: porque yo corté la orilla de tu manto, y no te maté. Conoce pues y ve que no hay mal ni traición en mi mano, ni he pecado contra ti; con todo, tú andas á caza de mi vida para quitármela.	He aquí han visto hoy tus ojos como Jehová te ha puesto hoy en mis manos en la cueva: y dijeron que te matase, mas te perdoné, porque dije: No extenderé mi mano contra mi señor, porque ungido es de Jehová.	
1 Samuel	24	12	DIGITAL-MISALIGNED->13	Juzgue Jehová entre mí y ti, y véngueme de ti Jehová: empero mi mano no será contra ti.	Y mira, padre mío, mira aún la orilla de tu manto en mi mano: porque yo corté la orilla de tu manto, y no te maté. Conoce pues, y ve que no hay mal ni traición en mi mano, ni he pecado contra ti; con todo, tú andas á caza de mi vida para quitármela.	
1 Samuel	24	13	DIGITAL-MISALIGNED->14	Como dice el proverbio de los antiguos: De los impíos saldrá la impiedad: así que mi mano no será contra ti.	Juzgue Jehová entre mí y ti, y véngueme de ti Jehová: empero mi mano no será contra ti.	
1 Samuel	24	14	DIGITAL-MISALIGNED->15	¿Tras quién ha salido el rey de Israel? ¿á quién persigues? ¿á un perro muerto? ¿á una pulga?	Como dice el proverbio de los antiguos: De los impíos saldrá la impiedad: así que mi mano no será contra ti.	
1 Samuel	24	15	DIGITAL-MISALIGNED->16	Jehová pues será juez, y él juzgará entre mí y ti. El vea, y sustente mi causa, y me defienda de tu mano.	¿Tras quién ha salido el rey de Israel? ¿á quién persigues? ¿á un perro muerto? ¿á una pulga?	
1 Samuel	24	16	DIGITAL-MISALIGNED->17	Y aconteció que, como David acabó de decir estas palabras á Saúl, Saúl dijo: ¿No es esta la voz tuya, hijo mío David? Y alzando Saúl su voz lloró.	Jehová pues será juez, y él juzgará entre mí y ti. El vea, y sustente mi causa, y me defienda de tu mano.	
1 Samuel	24	17	DIGITAL-MISALIGNED->18	Y dijo á David: Más justo eres tú que yo, que me has pagado con bien, habiéndote yo pagado con mal.	Y aconteció que, como David acabó de decir estas palabras á Saúl, Saúl dijo: ¿No es esta la voz tuya, hijo mío David? Y alzando Saúl su voz lloró.	
1 Samuel	24	18	DIGITAL-MISALIGNED->19	Tú has mostrado hoy que has hecho conmigo bien; pues no me has muerto, habiéndome Jehová puesto en tus manos.	Y dijo á David: Más justo eres tú que yo, que me has pagado con bien, habiéndote yo pagado con mal.	
1 Samuel	24	19	DIGITAL-MISALIGNED->20	Porque ¿quién hallará á su enemigo, y lo dejará ir sano y salvo? Jehová te pague con bien por lo que en este día has hecho conmigo.	Tú has mostrado hoy que has hecho conmigo bien; pues no me has muerto, habiéndome Jehová puesto en tus manos.	
1 Samuel	24	20	DIGITAL-MISALIGNED->21	Y ahora, como yo entiendo que tú has de reinar, y que el reino de Israel ha de ser en tu mano firme y estable,	Porque ¿quién hallará á su enemigo, y lo dejará ir sano y salvo? Jehová te pague con bien por lo que en este día has hecho conmigo.	
1 Samuel	24	21	SUBSTANTIVE	Júrame pues ahora por Jehová, que no cortarás mi simiente después de mí, ni raerás mi nombre de la casa de mi padre.	Y ahora, como yo entiendo que tú has de reinar, y que el reino de Israel ha de ser en tu mano firme y estable,	
1 Samuel	24	22	SUBSTANTIVE	Entonces David juró á Saúl. Y fuése Saúl á su casa, y David y los suyos se subieron al sitio fuerte.	Júrame pues ahora por Jehová, que no cortarás mi simiente después de mí, ni raerás mi nombre de la casa de mi padre. Entonces David juró á Saúl. Y fuése Saúl á su casa, y David y los suyos se subieron al sitio fuerte.	
1 Samuel	30	1	orthographic	Y CUANDO David y los suyos vinieron á Siclag el tercer día, los de Amalec habían invadido el mediodía y á Siclag, y habían desolado á Siclag, y puéstola á fuego.	Y CUANDO David y los suyos vinieron á Siclag al tercer día, los de Amalec habían invadido el mediodía y á Siclag, y habían desolado á Siclag, y puéstola á fuego.	
2 Samuel	13	1	orthographic	Y ACONTECIÓ después de esto, que teniendo Absalom hijo de David una hermana hermosa que se llamaba Thamar, enamoróse de ella Amnón hijo de David.	ACONTECIÓ después de esto, que teniendo Absalom hijo de David una hermana hermosa que se llamaba Thamar, enamoróse de ella Amnón hijo de David.	
2 Samuel	13	17	orthographic	Antes llamando su criado que le servía, díjole: Echame ésta allá fuera, y tras ella cierra la puerta.	Antes llamando su criado que le servía dijo: Echame ésta allá fuera, y tras ella cierra la puerta.	
2 Samuel	15	30	orthographic	Y David subióla cuesta de las olivas; y subió la llorando, llevando la cabeza cubierta, y los pies descalzos. También todo el pueblo que tenía consigo cubrió cada uno su cabeza, y subióla llorando así como subían.	Y David subió la cuesta de las olivas; y subióla llorando, llevando la cabeza cubierta, y los pies descalzos. También todo el pueblo que tenía consigo cubrió cada uno su cabeza, y subieron llorando así como subían.	
2 Samuel	17	11	punctuation-only	Aconsejo pues que todo Israel se junte á ti, desde Dan hasta Beerseba, en multitud como la arena que está á la orilla de la mar, y que tú en persona vayas á la batalla.	Aconsejo pues que todo Israel se junte á ti, desde Dan hasta Beer-seba, en multitud como la arena que está á la orilla de la mar, y que tú en persona vayas á la batalla.	
2 Samuel	17	14	orthographic	Entonces Absalom y todos los de Israel dijeron: El consejo de Husai Arachîta es mejor que el consejo de Achitophel. Porque había Jehová ordenado que el acertado consejo de Achitophel se frustara, para que Jehová hiciese venir el mal sobre Absalom.	Entonces Absalom y todos los de Israel dijeron: El consejo de Husai Arachîta es mejor que el consejo de Achitophel. Porque había Jehová ordenado que el acertado consejo de Achitophel se frustrara, para que Jehová hiciese venir el mal sobre Absalom.	
2 Samuel	17	16	orthographic	Por tanto enviad inmediatemente, y dad aviso á David, diciendo: No quedes esta noche en los campos del desierto, sino pasa luego el Jordán, porque el rey no sea consumido, y todo el pueblo que con él está.	Por tanto enviad inmediatamente, y dad aviso á David, diciendo: No quedes esta noche en los campos del desierto, sino pasa luego el Jordán, porque el rey no sea consumido, y todo el pueblo que con él está.	
2 Samuel	19	9	orthographic	Y todo el pueblo porfiaba en todas las tribus de Israel, diciendo: El rey nos ha librado de mano de nuestros enemigos, y él nos ha salvado de mano de los Filisteos; y ahora había huído, de la tierra por miedo de Abaslom.	Y todo el pueblo porfiaba en todas las tribus de Israel, diciendo: El rey nos ha librado de mano de nuestros enemigos, y él nos ha salvado de mano de los Filisteos; y ahora había huído de la tierra por miedo de Absalom.	
2 Samuel	19	21	orthographic	Y Abisai hijo de Sarvia responidió y dijo: ¿No ha de morir por esto Semei, que maldijo al ungido de Jehová?	Y Abisai hijo de Sarvia respondió y dijo: ¿No ha de morir por esto Semei, que maldijo al ungido de Jehová?	
2 Samuel	20	16	orthographic	Entonces una mujer sabia dió voces en la ciudad, diciendo: Oíd, oíd; ruégoos que digáis á Joab se llegue acá, para que yo hable con él.	Entonces una mujer sabia dió voces en la ciudad, diciendo: Oid, oid; ruégoos que digáis á Joab se llegue á acá, para que yo hable con él.	
2 Samuel	20	25	DIGITAL-MISALIGNED->26	Y Seba, escriba; y Sadoc y Abiathar, sacerdotes;	Y Seba, escriba; y Sadoc y Abiathar, sacerdotes; é Ira Jaireo fué un jefe principal cerca de David.	
2 Samuel	20	26	SUBSTANTIVE	é Ira Jaireo fué un jefe principal cerca de David.		
2 Samuel	21	20	orthographic	Después hubo otra guerra en Gath, donde hubo un hombre de grande altura, el cual tenía doce dedos en las manos, y otros doce en los pies, veinticuatro en todos: y también era de lo hijos del gigante.	Después hubo otra guerra en Gath, donde hubo un hombre de grande altura, el cual tenía doce dedos en las manos, y otros doce en los pies, veinticuatro en todos: y también era de los hijos del gigante.	
2 Samuel	24	3	orthographic	Y Joab respondió al rey: Añada Jehová tu Dios al pueblo cien veces tanto como son, y que lo vea mi señor al rey; mas ¿para qué quiere esto mi señor el rey?	Y Joab respondió al rey: Añada Jehová tu Dios al pueblo cien veces tanto como son, y que lo vea mi señor el rey; mas ¿para qué quiere esto mi señor el rey?	
1 Reyes	7	2	orthographic	Asimismo edificó la casa del bosque del Líbano, la cual tenía cinco codos de longitud, y cincuenta codos de anchura, y treinta codos de altura, sobre cuatro órdenes de columnas de cedro, con vigas de cedro sobre las columnas.	Asimismo edificó la casa del bosque del Líbano, la cual tenía cien codos de longitud, y cincuenta codos de anchura, y treinta codos de altura, sobre cuatro órdenes de columnas de cedro, con vigas de cedro sobre las columnas.	
1 Reyes	7	5	orthographic	Y todas la puertas y postes eran cuadrados: y las unas ventanas estaban frente á las otras en tres órdenes.	Y todas las puertas y postes eran cuadrados: y las unas ventanas estaban frente á las otras en tres órdenes.	
1 Reyes	19	16	punctuation-only	Y á Jehú hijo de Nimsi, ungirás por rey sobre Israel; y á Eliseo hijo de Saphat, de Abel- mehula, ungirás para que sea profeta en lugar de ti.	Y á Jehú hijo de Nimsi, ungirás por rey sobre Israel; y á Eliseo hijo de Saphat, de Abelmehula, ungirás para que sea profeta en lugar de ti.	
1 Reyes	22	43	DIGITAL-MISALIGNED->44	Y anduvo en todo el camino de Asa su padre, sin declinar de él, haciendo lo recto en los ojos de Jehová. Con todo eso los altos no fueron quitados; que el pueblo sacrificaba aún, y quemaba perfumes en los altos.	Y anduvo en todo el camino de Asa su padre, sin declinar de él, haciendo lo recto en los ojos de Jehová.	
1 Reyes	22	44	DIGITAL-MISALIGNED->45	Y Josaphat hizo paz con el rey de Israel.	Con todo eso los altos no fueron quitados; que el pueblo sacrificaba aún, y quemaba perfumes en los altos.	
1 Reyes	22	45	DIGITAL-MISALIGNED->46	Lo demás de los hechos de Josaphat, y sus hazañas, y las guerras que hizo, ¿no está escrito en el libro de las crónicas de los reyes de Judá?	Y Josaphat hizo paz con el rey de Israel.	
1 Reyes	22	46	DIGITAL-MISALIGNED->47	Barrió también de la tierra el resto de los sodomitas que habían quedado en el tiempo de su padre Asa.	Lo demás de los hechos de Josaphat, y sus hazañas, y las guerras que hizo, ¿no está escrito en el libro de las crónicas de los reyes de Judá?	
1 Reyes	22	47	DIGITAL-MISALIGNED->48	No había entonces rey en Edom; presidente había en lugar de rey.	Barrió también de la tierra el resto de los sodomitas que habían quedado en el tiempo de su padre Asa.	
1 Reyes	22	48	DIGITAL-MISALIGNED->49	Había Josaphat hecho navíos en Tharsis, los cuales habían de ir á Ophir por oro; mas no fueron, porque se rompieron en Ezion-geber.	No había entonces rey en Edom; presidente había en lugar de rey.	
1 Reyes	22	49	DIGITAL-MISALIGNED->50	Entonces Ochôzías hijo de Achâb dijo á Josaphat: Vayan mis siervos con los tuyos en los navíos. Mas Josaphat no quiso.	Había Josaphat hecho navíos en Tharsis, los cuales habían de ir á Ophir por oro; mas no fueron, porque se rompieron en Ezion-geber.	
1 Reyes	22	50	DIGITAL-MISALIGNED->51	Y durmió Josaphat con sus padres, y fué sepultado con sus padres en la ciudad de David su padre; y en su lugar reinó Joram su hijo.	Entonces Ochôzías hijo de Achâb dijo á Josaphat: Vayan mis siervos con los tuyos en los navíos. Mas Josaphat no quiso.	
1 Reyes	22	51	DIGITAL-MISALIGNED->52	Y Ochôzías hijo de Achâb comenzó á reinar sobre Israel en Samaria, el año diecisiete de Josaphat rey de Judá; y reinó dos años sobre Israel.	Y durmió Josaphat con sus padres, y fué sepultado con sus padres en la ciudad de David su padre; y en su lugar reinó Joram su hijo.	
1 Reyes	22	52	SUBSTANTIVE	E hizo lo malo en los ojos de Jehová, y anduvo en el camino de su padre, y en el camino de su madre, y en el camino de Jeroboam hijo de Nabat, que hizo pecar á Israel:	Y Ochôzías hijo de Achâb comenzó á reinar sobre Israel en Samaria, el año diecisiete de Josaphat rey de Judá; y reinó dos años sobre Israel.	
1 Reyes	22	53	SUBSTANTIVE	Porque sirvió á Baal, y lo adoró, y provocó á ira á Jehová Dios de Israel, conforme á todas las cosas que su padre había hecho.	E hizo lo malo en los ojos de Jehová, y anduvo en el camino de su padre, y en el camino de su madre, y en el camino de Jeroboam hijo de Nabat, que hizo pecar á Israel: Porque sirvió á Baal, y lo adoró, y provocó á ira á Jehová Dios de Israel, conforme á todas las cosas que su padre había hecho.	
2 Reyes	7	6	orthographic	Porque el Señor había hecho que en el campo de los Siros se oyese estruendo de carros, ruido de caballos, y estrépito de grande ejército; y dijéronse los unos á los otros: He aquí el rey de Israel ha pagado contra nosotros á los reyes de los Heteos, y á los reyes de los Egipcios, para que vengan contra nosotros.	Porque el Señor había hecho que en el campo de los Siros se oyese estruendo de carros, ruido de caballos, y estrépito de grande ejército; y dijéronse los unos á los otros: He aquí el rey de Israel ha pagado contra nosotros á los reyes de los Hetheos, y á los reyes de los Egipcios, para que vengan contra nosotros.	
2 Reyes	9	26	orthographic	Que yo he visto ayer las sangres de Naboth, y las sangres de sus hijos, dijo Jehová; y tengo de darte la paga en esta heredad, dijo Jehová. Tómale pues ahora, y échalo en la heredad, conforme á la palabra de Jehová.	Que yo he visto ayer las sangres de Naboth, y las sangres de sus hijos, dijo Jehová; y tengo de darte la paga en esta heredad, dijo Jehová. Tómalo pues ahora, y échalo en la heredad, conforme á la palabra de Jehová.	
2 Reyes	10	22	orthographic	Entonces dijo al que tenía el cargo de las vestiduras: Saca vestiduras para todos los siervos de Baal. Y él les sacó vestimentas.	Entonces dijo al que tenía el cargo de las vestiduras: Saca vestiduras para todos lo siervos de Baal. Y él les sacó vestimentas.	
2 Reyes	18	2	orthographic	Cuando comenzó á reinar era de venticinco años, y reinó en Jerusalem veintinueve años. El nombre de su madre fué Abi hija de Zachârías.	Cuando comenzó á reinar era de veinticinco años, y reinó en Jerusalem veintinueve años. El nombre de su madre fué Abi hija de Zachârías.	
2 Reyes	24	16	orthographic	A todos los hombres de guerra, que fueron siete mil, y á los oficiales y herrreros, que fueron mil, y á todos los valientes para hacer la guerra, llevó cautivos el rey de Babilonia.	A todos los hombre de guerra, que fueron siete mil, y á los oficiales y herreros, que fueron mil, y á todos los valientes para hacer la guerra, llevó cautivos el rey de Babilonia.	
1 Crónicas	2	31	orthographic	E Isi fué hijo fué hijo de Aphaim; y Sesam, hijo de Isi; é hijo de Sesam, Alai.	E Isi fué hijo de Aphaim; y Sesam, hijo de Isi; é hijo de Sesam, Alai.	
1 Crónicas	5	18	orthographic	Los hijos de Rubén, y de Gad, y la media tribu de Manasés, hombres valientes, hombres que traían escudo y espada, que entesaban arco, y diestros en guerra, en cuarenta y cuatro mil setecientos y sesenta que salían á batalla.	Los hijos de Rubén, y de Gad, y la media tribu de Manasés, hombres valientes, hombres que traían escudo y espada, que entesaban arco, y diestros en guerra, eran cuarenta y cuatro mil setecientos y sesenta que salían á batalla.	
1 Crónicas	5	19	orthographic	Y tuvieron guerra los Agarenos, y Jethur, y Naphis, y Nodab.	Y tuvieron guerra con los Agarenos, y Jethur, y Naphis, y Nodab.	
1 Crónicas	6	35	orthographic	Hijo de Suph, hijo de Elcana, hijo de Mahath, hijo de Amasai;	Hijo de Suph, hijo de Elcana, hijo Mahath, hijo de Amasai;	
1 Crónicas	6	71	orthographic	Y á los hijos de Gersón dieron de la familia de la media tribu de Manasés, á Golan en Basán con sus ejidos y á Astaroth con sus ejidos;	Y á los hijos de Gersón dieron de la familia de la media tribu de Manasés, á Golan en Basán con sus ejidos y á Astharoth con sus ejidos;	
1 Crónicas	7	20	orthographic	Los hijos de Ephraim: Suthela, Bered su hijo, su hijo Thahath, Elada su hijo, Thahat su hijo,	Los hijos de Ephraim: Suthela, Bered su hijo, su hijo Thahath, Elada su hijo, Thahath su hijo,	
1 Crónicas	7	31	orthographic	Los hijos de Bería: Heber, Machîel, el cual fué padre de Birzabith.	Los hijos de Bería: Heber, y Machîel, el cual fué padre de Birzabith.	
1 Crónicas	11	30	orthographic	Maharai Nethophathita, Heled hijo de Baana Nehtophathita;	Maharai Nethophathita, Heled hijo de Baana Nethophathita;	
1 Crónicas	12	20	orthographic	Así que viniendo él á Siclag, se pasaron á él de los de Manasés, Adnas, Jozabad, Michâel, Jozabad, Jediaiel, Eliú, y Sillethai, príncipes de millares de los de Manasés.	Así que viniendo él á Siclag, se pasaron á él de los de Manasés, Adnas, Jozabad, Jediaiel, Michâel, Jozabad, Eliú, y Sillethai, príncipes de millares de los de Manasés.	
1 Crónicas	15	6	orthographic	De los hijos de Merari, Asaías el principal, y sus hermanos, doscientos y viente;	De los hijos de Merari, Asaías el principal, y sus hermanos, doscientos y veinte;	
1 Crónicas	15	8	orthographic	De los hijos de Elisaphán, Semeías el principal, y sus hermanos, docientos;	De los hijos de Elisaphán, Semeías el principal, y sus hermanos, doscientos;	
1 Crónicas	15	10	orthographic	De los hijos de Uzziel, Amidadab el principal, y sus hermanos, ciento y doce.	De los hijos de Uzziel, Aminadab el principal, y sus hermanos, ciento y doce.	
1 Crónicas	15	15	orthographic	Y los hijos de los Levitos trajeron el arca de Dios puesta sobre sus hombros en las barras, como lo había mandado Moisés conforme á la palabra de Jehová.	Y los hijos de los Levitas trajeron el arca de Dios puesta sobre sus hombros en las barras, como lo había mandado Moisés conforme á la palabra de Jehová.	
1 Crónicas	17	10	orthographic	Y desde el tiempo que puse los jueces sobre mi pueblo Israel; mas humilllaré á todos tus enemigos. Hágote además saber que Jehová te ha de edificar casa.	Y desde el tiempo que puse los jueces sobre mi pueblo Israel; mas humillaré á todos tus enemigos. Hágote además saber que Jehová te ha de edificar casa.	
1 Crónicas	21	17	orthographic	Y alzando David sus ojos, vió al ángel de Jehová, que estaba entre el cielo y la tierra, teniendo una espada desnuda en su mano, extendida contra Jerusalem. Entonces David y los ancianos se postraron sobre sus rostros, cubiertos de sacos.	Y alzando David sus ojos, vió al ángel de Jehová, que estaba entre el cielo y la tierra, teniendo un espada desnuda en su mano, extendida contra Jerusalem. Entonces David y los ancianos se postraron sobre sus rostros, cubiertos de sacos.	PDF v31 rejected: bled from 2 Samuel 24:19
1 Crónicas	21	21	orthographic	Y volviéndose Ornán vió el ángel; por lo que se escondieron cuatro hijos suyos que con él estaban. Y Ornán trillaba el trigo.	Y volviéndose Ornán vió al ángel; por lo que se escondieron cuatro hijos suyos que con él estaban. Y Ornán trillaba el trigo.	PDF v31 rejected: bled from 2 Samuel 24:19
1 Crónicas	21	30	SUBSTANTIVE	Y el tabernáculo de Jehová que Moisés había hecho en el desierto, y el altar del holocausto, estaban entonces en el alto de Gabaón:	Y el tabernáculo de Jehová que Moisés había hecho en el desierto, y el altar del holocausto, estaban entonces en el alto de Gabaón: Mas David no pudo ir allá á consultar á Dios, porque estaba espantado á causa de la espada del ángel de Jehová.	PDF v31 rejected: bled from 2 Samuel 24:19
1 Crónicas	22	19	orthographic	Poned, pues, ahora vuestros corazones y vuestros ánimos en buscar á Jehová vuestro Dios; y levantaos, y edificad el santuario del Dios Jehová, para traer el arca del pacto de Jehová, y los santos vasos de Dios, á la casa edificada al nombre de Jehová.	Poned, pues, ahora vuestros corazones y vuestros ánimos en buscar á Jehová vuestro Dios; y levantaos, y edificad el santuario del Dios Jehová, para traer el arca del pacto de Jehová, y lo santos vasos de Dios, á la casa edificada al nombre de Jehová.	
1 Crónicas	23	11	orthographic	Jahat era el primero, Zinat el segundo; mas Jeus y Berías no multiplicaron en hijos, por lo cual fueron contados por una familia.	Jahath era el primero, Zinat el segundo; mas Jeus y Berías no multiplicaron en hijos, por lo cual fueron contados por una familia.	
1 Crónicas	27	10	orthographic	El séptimo para el séptimo mes era Helles Pelonita, de los hijos de Ephraim; y en su división viente y cuatro mil.	El séptimo para el séptimo mes era Helles Pelonita, de los hijos de Ephraim; y en su división veinte y cuatro mil.	
2 Crónicas	7	5	orthographic	Y ofreció el rey Salomón en sacrificio veinte y dos mil bueyes, y ciento y veinte mil ovejas; y así dedicaron la casa de Dios el rey y todo el pueblo.	Y ofreció el rey Salomón en sacrificio veinte y dos mil bueyes, y ciento veinte mil ovejas; y así dedicaron la casa de Dios el rey y todo el pueblo.	
2 Crónicas	7	14	orthographic	Si se humillare mi pueblo, sobre los cuales mi nombre es invocado, y oraren, y buscaren mi rostro, y se convirtieren de sus malos caminos; entonces yo oiré desde los cielos, y perdonaré sus pecados, y sanaré su tierra.	Si se humillare mi pueblo, sobre los cuales ni nombre es invocado, y oraren, y buscaren mi rostro, y se convirtieren de sus malos caminos; entonces yo oiré desde los cielos, y perdonaré sus pecados, y sanaré su tierra.	
2 Crónicas	16	13	orthographic	Y durmió Asa con sus padres, y murió el año cuarenta y uno de su reinado.	Y durmió Asa con sus padres, y murió en el año cuarenta y uno de su reinado.	PDF v15 merged back into v14 (semicolon clause); all English traditions + independent RV1909 read 14
2 Crónicas	19	6	orthographic	Y dijo á los jueces: Mirad lo que hacéis: porque no juzguáis en lugar de hombre, sino en lugar de Jehová, el cual está con vosotros en el negocio del juicio.	Y dijo á los jueces: Mirad lo que hacéis: porque no juzgáis en lugar de hombre, sino en lugar de Jehová, el cual está con vosotros en el negocio del juicio.	
2 Crónicas	26	18	punctuation-only	Y pusiéronse contra el rey Uzzías, y dijéronle: No á ti, oh Uzzías, el quemar perfume á Jehová, sino á los sacerdotes hijos de Aarón, que son consagrados para quemarlo: sal del santuario, porque has prevaricado, y no te será para gloria delante del Dios Jehová.	Y pusiéronse contra el rey Uzzías, y dijéronle: No á ti, oh Uzzías, el quemar perfume á Jehová, sino á los sacerdotes hijos de Aarón, que son consagrados para quemarlo: sal del santuario, por que has prevaricado, y no te será para gloria delante del Dios Jehová.	
2 Crónicas	33	10	DIGITAL-MISALIGNED->25	Y habló Jehová á Manasés y á su pueblo, mas ellos no escucharon:	Y habló Jehová á Manasés y á su pueblo, mas ellos no escucharon: por lo cual Jehová trajo contra ellos los generales del ejército del rey de los Asirios, los cuales aprisionaron con grillos á Manasés, y atado con cadenas lleváronlo á Babilonia.	
2 Crónicas	33	11	DIGITAL-MISALIGNED->25	por lo cual Jehová trajo contra ellos los generales del ejército del rey de los Asirios, los cuales aprisionaron con grillos á Manasés, y atado con cadenas lleváronlo á Babilonia.	Mas luego que fué puesto en angustias, oró ante Jehová su Dios, humillado grandemente en la presencia del Dios de sus padres.	
2 Crónicas	33	12	DIGITAL-MISALIGNED->11	Mas luego que fué puesto en angustias, oró ante Jehová su Dios, humillado grandemente en la presencia del Dios de sus padres.	Y habiendo á él orado, fué atendido; pues que oyó su oración, y volviólo á Jerusalem, á su reino. Entonces conoció Manasés que Jehová era Dios.	
2 Crónicas	33	13	DIGITAL-MISALIGNED->12	Y habiendo á él orado, fué atendido; pues que oyó su oración, y volviólo á Jerusalem, á su reino. Entonces conoció Manasés que Jehová era Dios.	Después de esto edificó el muro de afuera de la ciudad de David, al occidente de Gihón, en el valle, á la entrada de la puerta del pescado, y cercó á Ophel, y alzólo muy alto; y puso capitanes de ejército en todas las ciudades fuertes por Judá.	
2 Crónicas	33	14	DIGITAL-MISALIGNED->13	Después de esto edificó el muro de afuera de la ciudad de David, al occidente de Gihón, en el valle, á la entrada de la puerta del pescado, y cercó á Ophel, y alzólo muy alto; y puso capitanes de ejército en todas las ciudades fuertes por Judá.	Asimismo quitó los dioses ajenos, y el ídolo de la casa de Jehová, y todos los altares que había edificado en el monte de la casa de Jehová y en Jerusalem, y echólos fuera de la ciudad.	
2 Crónicas	33	15	DIGITAL-MISALIGNED->14	Asimismo quitó los dioses ajenos, y el ídolo de la casa de Jehová, y todos los altares que había edificado en el monte de la casa de Jehová y en Jerusalem, y echólos fuera de la ciudad.	Reparó luego el altar de Jehová, y sacrificó sobre él sacrificios pacíficos y de alabanza; y mandó á Judá que sirviesen á Jehová Dios de Israel.	
2 Crónicas	33	16	DIGITAL-MISALIGNED->15	Reparó luego el altar de Jehová, y sacrificó sobre él sacrificios pacíficos y de alabanza; y mandó á Judá que sirviesen á Jehová Dios de Israel.	Empero el pueblo aun sacrificaba en los altos, bien que á Jehová su Dios.	
2 Crónicas	33	17	DIGITAL-MISALIGNED->16	Empero el pueblo aún sacrificaba en los altos, bien que á Jehová su Dios.	Lo demás de los hechos de Manasés, y su oración á su Dios, y las palabras de los videntes que le hablaron en nombre de Jehová el Dios de Israel, he aquí todo está escrito en los hechos de los reyes de Israel.	
2 Crónicas	33	18	DIGITAL-MISALIGNED->17	Lo demás de los hechos de Manasés, y su oración á su Dios, y las palabras de los videntes que le hablaron en nombre de Jehová el Dios de Israel, he aquí todo está escrito en los hechos de los reyes de Israel.	Su oración también, y cómo fué oído, todos sus pecados, y su prevaricación, los lugares donde edificó altos y había puesto bosques é ídolos antes que se humillase, he aquí estas cosas están escritas en las palabras de los videntes.	
2 Crónicas	33	19	DIGITAL-MISALIGNED->18	Su oración también, y cómo fué oído, todos sus pecados, y su prevaricación, los lugares donde edificó altos y había puesto bosques é ídolos antes que se humillase, he aquí estas cosas están escritas en las palabras de los videntes.	Y durmió Manasés con sus padres, y sepultáronlo en su casa: y reinó en su lugar Amón su hijo.	
2 Crónicas	33	20	DIGITAL-MISALIGNED->19	Y durmió Manasés con sus padres, y sepultáronlo en su casa: y reinó en su lugar Amón su hijo.	De veinte y dos años era Amón cuando comenzó á reinar, y dos años reinó en Jerusalem.	
2 Crónicas	33	21	DIGITAL-MISALIGNED->20	De veinte y dos años era Amón cuando comenzo á reinar, y dos años reinó en Jerusalem.	E hizo lo malo en ojos de Jehová, como había hecho Manasés su padre: porque á todos los ídolos que su padre Manasés había hecho, sacrificó y sirvió Amón.	
2 Crónicas	33	22	DIGITAL-MISALIGNED->21	E hizo lo malo en ojos de Jehová, como había hecho Manasés su padre: porque á todos los ídolos que su padre Manasés había hecho, sacrificó y sirvió Amón.	Mas nunca se humilló delante de Jehová, como se humilló Manasés su padre: antes aumentó el pecado.	
2 Crónicas	33	23	DIGITAL-MISALIGNED->22	Mas nunca se humilló delante de Jehová, como se humilló Manasés su padre: antes aumentó el pecado.	Y conspiraron contra él sus siervos, y matáronlo en su casa.	
2 Crónicas	33	24	DIGITAL-MISALIGNED->23	Y conspiraron contra él sus siervos, y matáronlo en su casa.	Mas el pueblo de la tierra hirió á todos los que habían conspirado contra el rey Amón; y el pueblo de la tierra puso por rey en su lugar á Josías su hijo.	
2 Crónicas	33	25	SUBSTANTIVE	Mas el pueblo de la tierra hirió á todos los que habían conspirado contra el rey Amón; y el pueblo de la tierra puso por rey en su lugar á Josías su hijo.		
2 Crónicas	34	13	orthographic	También velaban sobre los ganapanes, y eran sobrestantes de los que se ocupaban en cualquier clase de obra; y de los Levitas había esribas, gobernadores, y porteros.	También velaban sobre los ganapanes, y eran sobrestantes de los que se ocupaban en cualquier clase de obra; y de los Levitas había escribas, gobernadores, y porteros.	
Esdras	2	56	orthographic	Los hijos de Jaala, lo hijos de Darcón, los hijos de Giddel;	Los hijos de Jaala, los hijos de Darcón, los hijos de Giddel;	
Esdras	5	3	punctuation-only	En aquel tiempo vino á ellos Tatnai, capitán de la parte allá del río, y Setharboznai y sus compañeros, y dijéronles así: ¿Quién os dió mandamiento para edificar esta casa, y restablecer estos muros?	En aquel tiempo vino á ellos Tatnai, capitán de la parte allá del río, y Sethar-boznai y sus compañeros, y dijéronles así: ¿Quién os dió mandamiento para edificar esta casa, y restablecer estos muros?	
Esdras	7	26	orthographic	Y cualquiera que no hiciere la ley de tu Dios, y la ley del rey, prestamente sea juzgado, ó á muerte, ó á dasarraigo, ó á pena de la hacienda, ó á prisión.	Y cualquiera que no hiciere la ley de tu Dios, y la ley del rey, prestamente sea juzgado, ó á muerte, ó á desarraigo, ó á pena de la hacienda, ó á prisión.	
Esdras	10	2	orthographic	Entonces respondió Sechânías hijo de Jehiel, de los hijos Elam, y dijo á Esdras: Nosotros hemos prevaricado contra nuestro Dios, pues tomamos mujeres extranjeras de los pueblos de la tierra: mas hay aún esperanza para Israel sobre esto.	Entonces respondió Sechânías hijo de Jehiel, de los hijos de Elam, y dijo á Esdras: Nosotros hemos prevaricado contra nuestro Dios, pues tomamos mujeres extranjeras de los pueblos de la tierra: mas hay aún esperanza para Israel sobre esto.	
Esdras	10	14	orthographic	Estén ahora nuestro príncipes, los de toda la congregación; y todos aquellos que en nuestras ciudades hubieren tomado mujeres extranjeras, vengan á tiempos aplazados, y con ellos los ancianos de cada ciudad, y los jueces de ellas, hasta que apartemos de nosotros el furor de la ira de nuestro Dios sobre esto.	Estén ahora nuestros príncipes, los de toda la congregación; y todos aquellos que en nuestras ciudades hubieren tomado mujeres extranjeras, vengan á tiempos aplazados, y con ellos los ancianos de cada ciudad, y los jueces de ellas, hasta que apartemos de nosotros el furor de la ira de nuestro Dios sobre esto.	
Esdras	10	21	orthographic	Y de lo hijos de Harím, Maasiás, y Elías, y Semeías, y Jehiel, y Uzzías.	Y de los hijos de Harím: Maasías, y Elías, y Semeías, y Jehiel, y Uzzías.	
Nehemías	6	8	orthographic	Entonces envié yo á decirles: No hay tal cosa como dices, sino que de tu corazón tú lo inventas.	Entonces envié yo á decirle: No hay tal cosa como dices, sino que de tu corazón tú lo inventas.	
Nehemías	7	61	punctuation-only	Y estos son los que subieron de Tel-melah, Tel-harsa, Chêrub, Addón, é Immer, los cuales no pudieron mostrar la casa de sus padres, ni su linaje, si eran de Israel:	Y estos son los que subieron de Telmelah, Tel-harsa, Chêrub, Addón, é Immer, los cuales no pudieron mostrar la casa de sus padres, ni su linaje, si eran de Israel:	
Nehemías	9	8	orthographic	Y hallaste fiel su corazón delante de ti, é hiciste con él alianza para darle la tierra del Cananeo, del Hetheo, y del Amorreheo, y del Pherezeo, y del Jebuseo, y del Gergeseo, para darla á su simiente: y cumpliste tu palabra, porque eres justo.	Y hallaste fiel su corazón delante de ti, é hiciste con él alianza para darle la tierra del Cananeo, del Hetheo, y del Amorrheo, y del Pherezeo, y del Jebuseo, y del Gergeseo, para darla á su simiente: y cumpliste tu palabra, porque eres justo.	
Nehemías	9	9	orthographic	Y miraste la aflicción de nuestos padres en Egipto, y oíste el clamor de ellos en el mar Bermejo;	Y miraste la aflicción de nuestros padres en Egipto, y oíste el clamor de ellos en el mar Bermejo;	
Nehemías	9	32	orthographic	Ahora pues, Dios nuestro, Dios grande, fuerte, terrible, que guardas el pacto y la misericordia, no sea tenido en poco delante de ti todo el trabajo que nos ha alcanzando á nuestros reyes, á nuestros príncipes, á nuestros sacerdotes, y á nuestros profetas, y á nuestros padres, y á todo tu pueblo, desde los días de los reyes de Asiria hasta este día.	Ahora pues, Dios nuestro, Dios grande, fuerte, terrible, que guardas el pacto y la misericordia, no sea tenido en poco delante de ti todo el trabajo que nos ha alcanzado á nuestros reyes, á nuestros príncipes, á nuestros sacerdotes, y á nuestros profetas, y á nuestros padres, y á todo tu pueblo, desde los días de los reyes de Asiria hasta este día.	
Nehemías	12	27	orthographic	Y á la dedicación del muro de Jerusalem buscaron á los Levitas de todos los lugares, para traerlos á Jerusalem, para hacer la dedicación y la fiesta con alabanzas y con cánticos, con címbalos, salterios y cítaras.	Y á la dedicación del muro de Jerusalem buscaron á los Levitas de todos sus lugares, para traerlos á Jerusalem, para hacer la dedicación y la fiesta con alabanzas y con cánticos, con címbalos, salterios y cítaras.	
Nehemías	12	44	orthographic	Y en aquel día fueron puestos varones sobres las cámaras de los tesoros, de las ofrendas, de las primicias, y de los diezmos, para juntar en ellas, de los campos de las ciudades, las porciones legales para los sacerdotes y Levitas: porque era grande el gozo de Judá con respecto á los sacerdotes y Levitas que asistían.	Y en aquel día fueron puestos varones sobre las cámaras de los tesoros, de las ofrendas, de las primicias, y de los diezmos, para juntar en ellas, de los campos de las ciudades, las porciones legales para los sacerdotes y Levitas: porque era grande el gozo de Judá con respecto á los sacerdotes y Levitas que asistían.	
Nehemías	13	13	orthographic	Y puse por sobrestantes de ellos á Selemías sacerdote, y á Sadoc escriba, y de los Levitas, á Pedaías; y á mano de ellos Hanán hijo de Zaccur, hijo de Mathanías: pues que eran tenidos por fieles, y de ellos eran el repartir á sus hermanos.	Y puse por sobrestantes de ellos á Selemías sacerdote, y á Sadoc escriba, y de los Levitas, á Pedaías; y á mano de ellos Hanán hijo de Zaccur, hijo de Mathanías: pues que eran tenidos por fieles, y de ellos era el repartir á sus hermanos.	
Nehemías	13	26	orthographic	¿No pecó por esto Salomón, rey de Israel? Bien que en muchas gentes no hubo rey como él, que era amado de su Dios y Dios lo había puesto por rey sobre todo Israel, aun á él hicieron pecar las mujeres extanjeras.	¿No pecó por esto Salomón, rey de Israel? Bien que en muchas gentes no hubo rey como él, que era amado de su Dios y Dios lo había puesto por rey sobre todo Israel, aun á él hicieron pecar las mujeres extranjeras.	
Ester	1	10	orthographic	El séptimo día, estando el corazón del rey alegre del vino, mandó á Mehumán, y á Biztha, y á Harbona, y á Bighta, y á Abagtha, y á Zetar, y á Carcas, siete eunucos que servían delante del rey Assuero,	El séptimo día, estando el corazón del rey alegre del vino, mandó á Mehumán, y á Biztha, y á Harbona, y á Bigtha, y á Abagtha, y á Zetar, y á Carcas, siete eunucos que servían delante del rey Assuero,	
Ester	1	13	orthographic	Preguntó entonces el rey á los sabios que sabían los tiempos, (porque así era la costubre del rey para con todos los que sabían la ley y el derecho;	Preguntó entonces el rey á los sabios que sabían los tiempos, (porque así era la costumbre del rey para con todos los que sabían la ley y el derecho;	
Ester	1	22	orthographic	Pues envió letras á todas la provincias del rey, á cada provincia conforme á su escribir, y á cada pueblo conforme á su lenguaje, diciendo que todo hombre fuese señor en su casa; y háblese esto según la lengua de su pueblo.	Pues envió letras á todas las provincias del rey, á cada provincia conforme á su escribir, y á cada pueblo conforme á su lenguaje, diciendo que todo hombre fuese señor en su casa; y háblese esto según la lengua de su pueblo.	
Ester	2	19	orthographic	Y cuando se juntaban las vírgenes la segunda vez, Mardochêo estaba puesto a la puerta el rey.	Y cuando se juntaban las vírgenes la segunda vez, Mardochêo estaba puesto á la puerta del rey.	
Ester	8	11	orthographic	Con intimación de que el rey concedía á los Judíos que estaban en todas la ciudades, que se juntasen y estuviesen á la defensa de su vida, prontos á destruir, y matar, y acabar con todo ejército de pueblo o provincia que viniese contra ellos, aun niños y mujeres, y su despojo para presa,	Con intimación de que el rey concedía á los Judíos que estaban en todas las ciudades, que se juntasen y estuviesen á la defensa de su vida, prontos á destruir, y matar, y acabar con todo ejército de pueblo ó provincia que viniese contra ellos, aun niños y mujeres, y su despojo para presa,	
Ester	9	1	orthographic	Y EN el mes duodécimo y que es el mes de Adar, á trece del mismo, en el que tocaba se ejecutase el mandamiento del rey y su ley, el mismo día en que esperaban los enemigos de los Judíos enseñorearse de ellos, fué lo contrario; porque los Judíos se enseñorearon de los que los aborrecían.	Y EN el mes duodécimo, que es el mes de Adar, á trece del mismo, en el que tocaba se ejecutase el mandamiento del rey y su ley, el mismo día en que esperaban los enemigos de los Judíos enseñorearse de ellos, fué lo contrario; porque los Judíos se enseñorearon de los que los aborrecían.	
Job	15	35	orthographic	Concibieron dolor, y parieron iniquidad; Y las entradas de ellos meditan engaño.	Concibieron dolor, y parieron iniquidad; y las entrañas de ellos meditan engaño.	
Job	26	7	orthographic	Extiende el alquilón sobre vacío, Cuelga la tierra sobre nada.	Extiende el aquilón sobre vacío, cuelga la tierra sobre nada.	
Job	32	5	orthographic	Empero viendo Eliú que no había respuesta en la boca de aquelllos tres varones, su furor se encendió.	Empero viendo Eliú que no había respuesta en la boca de aquellos tres varones, su furor se encendió.	
Job	32	6	orthographic	Y respondió Eliú hijo de Barachêl, Buzita, y dijo: Yo soy menor de días y vosotros viejos; He tenido por tanto miedo, y temido declararos mi opinión.	Y respondió Eliú hijo de Barachêl, Bucita, y dijo: Yo soy menor de días, y vosotros viejos; he tenido por tanto miedo, y temido declararos mi opinión.	
Job	35	15	DIGITAL-MISALIGNED->16	Mas ahora, porque en su ira no visita, Ni conoce con rigor,	Mas ahora, porque en su ira no visita, ni conoce con rigor, por eso Job abrió su boca vanamente, y multiplica palabras sin sabiduría.	
Job	35	16	SUBSTANTIVE	Por eso Job abrió su boca vanamente, Y multiplica palabras sin sabiduría.		
Job	38	39	SUBSTANTIVE	¿CAZARÁS tú la presa para el león? ¿Y saciarás el hambre de los leoncillos,		
Job	38	40	SUBSTANTIVE	Cuando están echados en las cuevas, O se están en sus guaridas para acechar?		
Job	38	41	SUBSTANTIVE	¿Quién preparó al cuervo su alimento, Cuando sus pollos claman á Dios, Bullendo de un lado á otro por carecer de comida?		
Job	39	1	DIGITAL-MISALIGNED->4	¿Sabes tú el tiempo en que paren las cabras monteses? ¿O miraste tú las ciervas cuando están pariendo?	¿CAZARÁS tú la presa para el león? ¿y saciarás el hambre de los leoncillos,	
Job	39	2	DIGITAL-MISALIGNED->5	¿Contaste tú los meses de su preñez, Y sabes el tiempo cuando han de parir?	Cuando están echados en las cuevas, ó se están en sus guaridas para acechar?	
Job	39	3	DIGITAL-MISALIGNED->6	Encórvanse, hacen salir sus hijos, Pasan sus dolores.	¿Quién preparó al cuervo su alimento, cuando sus pollos claman á Dios, bullendo de un lado á otro por carecer de comida?	
Job	39	4	DIGITAL-MISALIGNED->7	Sus hijos están sanos, crecen con el pasto: Salen y no vuelven á ellas.	¿Sabes tú el tiempo en que paren las cabras monteses? ¿ó miraste tú las ciervas cuando están pariendo?	
Job	39	5	DIGITAL-MISALIGNED->8	¿Quién echó libre al asno montés, y quién soltó sus ataduras?	¿Contaste tú los meses de su preñez, y sabes el tiempo cuando han de parir?	
Job	39	6	DIGITAL-MISALIGNED->9	Al cual yo puse casa en la soledad, Y sus moradas en lugares estériles.	Encórvanse, hacen salir sus hijos, pasan sus dolores.	
Job	39	7	DIGITAL-MISALIGNED->10	Búrlase de la multitud de la ciudad: No oye las voces del arriero.	Sus hijos están sanos, crecen con el pasto: salen y no vuelven á ellas.	
Job	39	8	DIGITAL-MISALIGNED->11	Lo oculto de los montes es su pasto, Y anda buscando todo lo que está verde.	¿Quién echó libre al asno montés, y quién soltó sus ataduras?	
Job	39	9	DIGITAL-MISALIGNED->12	¿Querrá el unicornio servirte á ti, Ni quedar á tu pesebre?	Al cual yo puse casa en la soledad, y sus moradas en lugares estériles.	
Job	39	10	DIGITAL-MISALIGNED->13	¿Atarás tú al unicornio con su coyunda para el surco? ¿Labrará los valles en pos de ti?	Búrlase de la multitud de la ciudad: no oye las voces del arriero.	
Job	39	11	DIGITAL-MISALIGNED->14	¿Confiarás tú en él, por ser grande su fortaleza, Y le fiarás tu labor?	Lo oculto de los montes es su pasto, y anda buscando todo lo que está verde.	
Job	39	12	DIGITAL-MISALIGNED->15	¿Fiarás de él que te tornará tu simiente, Y que la allegará en tu era?	¿Querrá el unicornio servirte á ti, ni quedar á tu pesebre?	
Job	39	13	DIGITAL-MISALIGNED->16	¿Diste tú hermosas alas al pavo real, O alas y plumas al avestruz?	¿Atarás tú al unicornio con su coyunda para el surco? ¿labrará los valles en pos de ti?	
Job	39	14	DIGITAL-MISALIGNED->17	El cual desampara en la tierra sus huevos, Y sobre el polvo los calienta,	¿Confiarás tú en él, por ser grande su fortaleza, y le fiarás tu labor?	
Job	39	15	DIGITAL-MISALIGNED->18	Y olvídase de que los pisará el pie, Y que los quebrará bestia del campo.	¿Fiarás de él que te tornará tu simiente, y que la allegará en tu era?	
Job	39	16	DIGITAL-MISALIGNED->19	Endurécese para con sus hijos, como si no fuesen suyos, No temiendo que su trabajo haya sido en vano:	¿Diste tú hermosas alas al pavo real, ó alas y plumas al avestruz?	
Job	39	17	DIGITAL-MISALIGNED->20	Porque le privó Dios de sabiduría, Y no le dió inteligencia.	El cual desampara en la tierra sus huevos, y sobre el polvo los calienta,	
Job	39	18	DIGITAL-MISALIGNED->21	Luego que se levanta en alto, Búrlase del caballo y de su jinete.	Y olvídase de que los pisará el pie, y que los quebrará bestia del campo.	
Job	39	19	DIGITAL-MISALIGNED->22	¿Diste tú al caballo la fortaleza? ¿Vestiste tú su cerviz de relincho?	Endurécese para con sus hijos, como si no fuesen suyos, no temiendo que su trabajo haya sido en vano:	
Job	39	20	DIGITAL-MISALIGNED->23	¿Le intimidarás tú como á alguna langosta? El resoplido de su nariz es formidable:	Porque le privó Dios de sabiduría, y no le dió inteligencia.	
Job	39	21	DIGITAL-MISALIGNED->24	Escarba la tierra, alégrase en su fuerza, Sale al encuentro de las armas:	Luego que se levanta en alto, búrlase del caballo y de su jinete.	
Job	39	22	DIGITAL-MISALIGNED->25	Hace burla del espanto, y no teme, Ni vuelve el rostro delante de la espada.	¿Diste tú al caballo la fortaleza? ¿vestiste tú su cerviz de relincho?	
Job	39	23	DIGITAL-MISALIGNED->26	Contra él suena la aljaba, El hierro de la lanza y de la pica:	¿Le intimidarás tú como á alguna langosta? El resoplido de su nariz es formidable:	
Job	39	24	DIGITAL-MISALIGNED->27	Y él con ímpetu y furor escarba la tierra, Sin importarle el sonido de la bocina;	Escarba la tierra, alégrase en su fuerza, sale al encuentro de las armas:	
Job	39	25	DIGITAL-MISALIGNED->28	Antes como que dice entre los clarines: ¡Ea! Y desde lejos huele la batalla, el grito de los capitanes, y la vocería.	Hace burla del espanto, y no teme, ni vuelve el rostro delante de la espada.	
Job	39	26	DIGITAL-MISALIGNED->29	¿Vuela el gavilán por tu industria, Y extiende hacia el mediodía sus alas?	Contra él suena la aljaba, el hierro de la lanza y de la pica:	
Job	39	27	SUBSTANTIVE	¿Se remonta el águila por tu mandamiento, Y pone en alto su nido?	Y él con ímpetu y furor escarba la tierra, sin importarle el sonido de la bocina;	
Job	39	28	SUBSTANTIVE	Ella habita y está en la piedra, En la cumbre del peñasco y de la roca.	Antes como que dice entre los clarines: ¡Ea!, y desde lejos huele la batalla, el grito de los capitanes, y la vocería.	
Job	39	29	SUBSTANTIVE	Desde allí acecha la comida: Sus ojos observan de muy lejos.	¿Vuela el gavilán por tu industria, y extiende hacia el mediodía sus alas?	
Job	39	30	SUBSTANTIVE	Sus pollos chupan la sangre: Y donde hubiere cadáveres, allí está.	¿Se remonta el águila por tu mandamiento, y pone en alto su nido? Ella habita y está en la piedra, en la cumbre del peñasco y de la roca. Desde allí acecha la comida: sus ojos observan de muy lejos. Sus pollos chupan la sangre: y donde hubiere cadáveres, allí está. A más de eso respondió Jehová á Job, y dijo: ¿Es sabiduría contender con el Omnipotente? El que disputa con Dios, responda á esto. Y respondió Job á Jehová, y dijo: He aquí que yo soy vil, ¿qué te responderé? Mi mano pongo sobre mi boca. Una vez hablé, y no responderé: aun dos veces, mas no tornaré á hablar.	
Job	40	1	DIGITAL-MISALIGNED->20	A más de eso respondió Jehová á Job y dijo:	ENTONCES respondió Jehová á Job desde la oscuridad, y dijo:	
Job	40	2	DIGITAL-MISALIGNED->20	¿Es sabiduría contender con el Omnipotente? El que disputa con Dios, responda á esto.	Cíñete ahora como varón tus lomos; yo te preguntaré, y explícame.	
Job	40	3	DIGITAL-MISALIGNED->20	Y respondió Job á Jehová, y dijo:	¿Invalidarás tú también mi juicio? ¿me condenarás á mí, para justificarte á ti?	
Job	40	4	DIGITAL-MISALIGNED->20	He aquí que yo soy vil, ¿qué te responderé? Mi mano pongo sobre mi boca.	¿Tienes tú brazo como Dios? ¿y tronarás tú con voz como él?	
Job	40	5	DIGITAL-MISALIGNED->20	Una vez hablé, y no responderé: Aun dos veces, mas no tornaré á hablar.	Atavíate ahora de majestad y de alteza: y vístete de honra y de hermosura.	
Job	40	6	DIGITAL-MISALIGNED->1	ENTONCES respondió Jehová á Job desde la oscuridad, y dijo:	Esparce furores de tu ira: y mira á todo soberbio, y abátelo.	
Job	40	7	DIGITAL-MISALIGNED->2	Cíñete ahora como varón tus lomos; Yo te preguntaré, y explícame.	Mira á todo soberbio, y humíllalo, y quebranta á los impíos en su asiento.	
Job	40	8	DIGITAL-MISALIGNED->3	¿Invalidarás tú también mi juicio? ¿Me condenarás á mí, para justificarte á ti?	Encúbrelos á todos en el polvo, venda sus rostros en la oscuridad;	
Job	40	9	DIGITAL-MISALIGNED->4	¿Tienes tú brazo como Dios? ¿Y tronarás tú con voz como él?	Y yo también te confesaré que podrá salvarte tu diestra.	
Job	40	10	DIGITAL-MISALIGNED->5	Atavíate ahora de majestad y de alteza: Y vístete de honra y de hermosura.	He aquí ahora behemoth, al cual yo hice contigo; hierba come como buey.	
Job	40	11	DIGITAL-MISALIGNED->6	Esparce furores de tu ira: Y mira á todo soberbio, y abátelo.	He aquí ahora que su fuerza está en sus lomos, y su fortaleza en el ombligo de su vientre.	
Job	40	12	DIGITAL-MISALIGNED->7	Mira á todo soberbio, y humíllalo, Y quebranta á los impíos en su asiento.	Su cola mueve como un cedro, y los nervios de sus genitales son entretejidos.	
Job	40	13	DIGITAL-MISALIGNED->8	Encúbrelos á todos en el polvo, Venda sus rostros en la oscuridad;	Sus huesos son fuertes como bronce, y sus miembros como barras de hierro.	
Job	40	14	DIGITAL-MISALIGNED->9	Y yo también te confesaré Que podrá salvarte tu diestra.	El es la cabeza de los caminos de Dios: el que lo hizo, puede hacer que su cuchillo á él se acerque.	
Job	40	15	DIGITAL-MISALIGNED->10	He aquí ahora behemoth, al cual yo hice contigo; Hierba come como buey.	Ciertamente los montes producen hierba para él: y toda bestia del campo retoza allá.	
Job	40	16	DIGITAL-MISALIGNED->11	He aquí ahora que su fuerza está en sus lomos, Y su fortaleza en el ombligo de su vientre.	Echaráse debajo de las sombras, en lo oculto de las cañas, y de los lugares húmedos.	
Job	40	17	DIGITAL-MISALIGNED->12	Su cola mueve como un cedro, Y los nervios de sus genitales son entretejidos.	Los árboles sombríos lo cubren con su sombra; los sauces del arroyo lo cercan.	
Job	40	18	DIGITAL-MISALIGNED->13	Sus huesos son fuertes como bronce, Y sus miembros como barras de hierro.	He aquí que él tomará el río sin inmutarse: y confíase que el Jordán pasará por su boca.	
Job	40	19	DIGITAL-MISALIGNED->14	El es la cabeza de los caminos de Dios: El que lo hizo, puede hacer que su cuchillo á él se acerque.	¿Tomarálo alguno por sus ojos en armadijos, y horadará su nariz?	
Job	40	20	SUBSTANTIVE	Ciertamente los montes producen hierba para él: Y toda bestia del campo retoza allá.		
Job	40	21	SUBSTANTIVE	Echaráse debajo de las sombras, En lo oculto de las cañas, y de los lugares húmedos.		
Job	40	22	SUBSTANTIVE	Los árboles sombríos lo cubren con su sombra; Los sauces del arroyo lo cercan.		
Job	40	23	SUBSTANTIVE	He aquí que él tomará el río sin inmutarse: Y confíase que el Jordán pasará por su boca.		
Job	40	24	SUBSTANTIVE	¿Tomarálo alguno por sus ojos en armadijos, Y horadará su nariz?		
Salmos	3	1	orthographic	SALMO DE DAVID, CUANDO HUÍA DE ADELANTE DE ABSALOM SU HIJO. ¡OH Jehová, cuánto se han multiplicado mis enemigos! Muchos se levantan contra mí.	Salmo de David, cuando huía de delante de Absalom su hijo. ¡OH Jehová, cuánto se han multiplicado mis enemigos! muchos se levantan contra mí.	
Salmos	30	1	orthographic	SALMO CANTADO EN LA DEDICACIÓN DE LA CASA: GLORIFICARTE he, oh Jehová; porque me has ensalzado, Y no hiciste á mis enemigos alegrarse de mí.	Salmo cantado en la dedicación de la Casa: Salmo de David. GLORIFICARTE he, oh Jehová; porque me has ensalzado, y no hiciste á mis enemigos alegrarse de mí.	
Salmos	39	1	orthographic	AL MÚSICO PRINCIPAL, Á JEDUTHÚN: YO DIJE: Atenderé á mis caminos, Para no pecar con mi lengua: Guardaré mi boca con freno, En tanto que el impío fuere contra mí.	Al Músico principal, á Jeduthún: Salmo de David. YO DIJE: Atenderé á mis caminos, para no pecar con mi lengua: guardaré mi boca con freno, en tanto que el impío fuere contra mí.	
Salmos	43	5	orthographic	¿Por qué te abates, oh alma mía, Y por qué te conturbes en mí? Espera á Dios; porque aun le tengo de alabar; Es él salvamento delante de mí, y el Dios mío.	¿Por qué te abates, oh alma mía, y por qué te conturbas en mí? Espera á Dios; porque aun le tengo de alabar; es él salvamento delante de mí, y el Dios mío.	
Salmos	51	1	punctuation-only	AL MÚSICO PRINCIPAL: SALMO DE DAVID, CUANDO DESPUÉS QUE ENTRÓ Á BATH-SEBAH, VINO Á ÉL NATHÁN EL PROFETA. TEN piedad de mí, oh Dios, conforme á tu misericordia: Conforme á la multitud de tus piedades borra mis rebeliones.	Al Músico principal: Salmo de David, cuando después que entró á Bathsebah, vino á él Nathán el profeta. TEN piedad de mí, oh Dios, conforme á tu misericordia: conforme á la multitud de tus piedades borra mis rebeliones.	
Salmos	54	1	orthographic	AL MÚSICO PRINCIPAL: EN NEGINOTH: MASQUIL DE DAVID, CUANDO VINIERON LOS ZIPHEOS Y DIJERON Á SAÚL: ¿NO ESTÁ DAVID ESCONDIDO EN NUESTRA TIERRRA? OH Dios, sálvame por tu nombre, Y con tu poder defiéndeme.	Al Músico principal: en Neginoth: Masquil de David, cuando vinieron los Zipheos y dijeron á Saúl: ¿No está David escondido en nuestra tierra? OH Dios, sálvame por tu nombre, y con tu poder defiéndeme.	
Salmos	60	1	SUBSTANTIVE	AL MÚSICO PRINCIPAL: SOBRE SUSAN-HEDUTH: MICHTAM DE DAVID, PARA ENSEÑAR, CUANDO TUVO GUERRA CONTRA ARAM-NAHARAIM Y CONTRA ARAM DE SOBA, Y VOLVIÓ JOAB, É HIRIÓ DE EDOM EN EL VALLE DE LAS SALINA DOCE MIL. OH Dios, tú nos has desechado, nos disipaste; Te has airado: vuélvete á nosotros.	Al Músico principal: sobre Susan-Heduth: Michtam de David, para enseñar, cuando tuvo guerra contra Aram-Naharaim y contra Aram de Soba, y volvió Joab, é hirió de Edom en el valle de las Salinas doce mil. OH Dios, tú nos has desechado, nos disipaste; te has airado: vuélvete á nosotros.	
Salmos	62	1	orthographic	AL MÚSICO PRINCIPAL: Á JEDUTHÚM: SALMO DE DAVID. EN Dios solamente está acallada mi alma: De él viene mi salud.	Al Músico principal: á Jeduthún: Salmo de David. EN Dios solamente está acallada mi alma: de él viene mi salud.	
Salmos	66	19	orthographic	Mas ciertamente me oyó Dios; Atendió á la voz de mi súplica.	Mas ciertamente me oyó Dios; antendió á la voz de mi súplica.	
Salmos	69	12	orthographic	Hablaban contra mí los que se sentaban á la puerta, Y me zaherían en las canciones de los bebederos de sidra.	Hablaban contra mí los que se sentaban á la puerta, y me zaherían en las canciones de los bebedores de sidra.	
Salmos	73	10	orthographic	Por eso su pueblo vuelve aquí, Y aguas de lleno le son exprimidas.	Por eso su pueblo vuelve aquí, y aguas de lleno les son exprimidas.	
Salmos	74	8	orthographic	Dijeron en su corazón: Destruyámoslos de una vez; Han quemado todas las sinagogas de Dios en el tierra.	Dijeron en su corazón: Destruyámoslos de una vez; han quemado todas las sinagogas de Dios en la tierra.	
Salmos	94	6	orthographic	A la viuda y al extranjero matan, Y á los huérfanos quitan la vida.	A la viuda y al extanjero matan, y á los huérfanos quitan la vida.	
Salmos	106	28	punctuation-only	Allegáronse asimismo á Baalpeor, Y comieron los sacrificios de los muertos.	Allegáronse asimismo á Baal-peor, y comieron los sacrificios de los muertos.	
Salmos	107	12	orthographic	Por lo que quebrantó él con trabajo sus corazones, Cayeron y no hubo quien los ayudase;	Por lo que quebrantó él con trabajo sus corazones, cayeron y no hubo quien les ayudase;	
Salmos	119	8	orthographic	Tus estatutos guardaré: No me dejes enteramente. BETH	Tus estatutos guardaré: no me dejes enteramente.	
Salmos	119	9	orthographic	¿Con qué limpiará el joven su camino? Con guardar tu palabra.	BETH ¿Con qué limpiará el joven su camino? Con guardar tu palabra.	
Salmos	119	16	orthographic	Recrearéme en tus estatutos: No me olvidaré de tus palabras. GIMEL	Recrearéme en tus estatutos: no me olvidaré de tus palabras.	
Salmos	119	17	orthographic	Haz bien á tu siervo; que viva Y guarde tu palabra.	GIMEL. Haz bien á tu siervo; que viva y guarde tu palabra.	
Salmos	119	24	orthographic	Pues tus testimonios son mis deleites, Y mis consejeros. DALETH	Pues tus testimonios son mis deleites, y mis consejeros.	
Salmos	119	25	orthographic	Pegóse al polvo mi alma: Vivifícame según tu palabra.	DALETH. Pegóse al polvo mi alma: vivifícame según tu palabra.	
Salmos	119	32	orthographic	Por el camino de tus mandamientos correré, Cuando ensanchares mi corazón. HE	Por el camino de tus mandamientos correré, cuando ensanchares mi corazón.	
Salmos	119	33	orthographic	Enséñame, oh Jehová, el camino de tus estatutos, Y guardarélo hasta el fin.	HE. Enséñame, oh Jehová, el camino de tus estatutos, y guardarélo hasta el fin.	
Salmos	119	40	orthographic	He aquí yo he codiciado tus mandamientos: Vivifícame en tu justicia. VAV	He aquí yo he codiciado tus mandamientos: vivifícame en tu justicia.	
Salmos	119	41	orthographic	Y venga á mí tu misericordia, oh Jehová; Tu salud, conforme á tu dicho.	VAU. Y venga á mí tu misericordia, oh Jehová; tu salud, conforme á tu dicho.	
Salmos	119	48	orthographic	Alzaré asimismo mis manos á tus mandamientos que amé; Y meditaré en tus estatutos. ZAYIN	Alzaré asimismo mis manos á tus mandamientos, que amé; y meditaré en tus estatutos.	
Salmos	119	49	orthographic	Acuérdate de la palabra dada á tu siervo, En la cual me has hecho esperar.	ZAIN. Acuérdate de la palabra dada á tu siervo, en la cual me has hecho esperar.	
Salmos	119	56	orthographic	Esto tuve, Porque guardaba tus mandamientos. JET	Esto tuve, porque guardaba tus mandamientos.	
Salmos	119	57	orthographic	Mi porción, oh Jehová, Dije, será guardar tus palabras.	CHETH. Mi porción, oh Jehová, dije, será guardar tus palabras.	
Salmos	119	61	orthographic	Compañía de impíos me han robado: Mas no me he olvidado de tu ley.	Compañías de impíos me han robado: mas no me he olvidado de tu ley.	
Salmos	119	64	orthographic	De tu misericordia, oh Jehová, está llena la tierra: Enséñame tus estatutos. TETH	De tu misericordia, oh Jehová, está llena la tierra: enséñame tus estatutos.	
Salmos	119	65	orthographic	Bien has hecho con tu siervo, Oh Jehová, conforme á tu palabra.	TETH. Bien has hecho con tu siervo, oh Jehová, conforme á tu palabra.	
Salmos	119	72	orthographic	Mejor me es la ley de tu boca, Que millares de oro y plata. YOD	Mejor me es la ley de tu boca, que millares de oro y plata.	
Salmos	119	73	orthographic	Tus manos me hicieron y me formaron: Hazme entender, y aprenderé tus mandamientos.	JOD. Tus manos me hicieron y me formaron: hazme entender, y aprenderé tus mandamientos.	
Salmos	119	80	orthographic	Sea mi corazón íntegro en tus estatutos; Porque no sea yo avergonzado. KAF	Sea mi corazón íntegro en tus estatutos; porque no sea yo avergonzado.	
Salmos	119	81	orthographic	Desfallece mi alma por tu salud, Esperando en tu palabra.	CAPH. Desfallece mi alma por tu salud, esperando en tu palabra.	
Salmos	119	88	orthographic	Vivifícame conforme á tu misericordia; Y guardaré los testimonios de tu boca. LAMED	Vivifícame conforme á tu misericordia; y guardaré los testimonios de tu boca.	
Salmos	119	89	orthographic	Para siempre, oh Jehová, Permenece tu palabra en los cielos.	LAMED. Para siempre, oh Jehová, permanece tu palabra en los cielos.	
Salmos	119	96	orthographic	A toda perfección he visto fin: Ancho sobremanera es tu mandamiento. MEM	A toda perfección he visto fin: ancho sobremanera es tu mandamiento.	
Salmos	119	97	orthographic	¡Cuánto amo yo tu ley! Todo el día es ella mi meditación.	MEM ¡Cuánto amo yo tu ley! todo el día es ella mi meditación.	
Salmos	119	104	orthographic	De tus mandamientos he adquirido inteligencia: Por tanto he aborrecido todo camino de mentira. NUN	De tus mandamientos he adquirido inteligencia: por tanto he aborrecido todo camino de mentira.	
Salmos	119	105	orthographic	Lámpara es á mis pies tu palabra, Y lumbrera á mi camino.	NUN. Lámpara es á mis pies tu palabra, y lumbrera á mi camino.	
Salmos	119	112	orthographic	Mi corazón incliné á poner por obra tus estatutos De continuo, hasta el fin. SAMECH	Mi corazón incliné á poner por obra tus estatutos de continuo, hasta el fin.	
Salmos	119	113	orthographic	Los pensamientos vanos aborrezco; Mas amo tu ley.	SAMECH. Los pensamientos vanos aborrezco; mas amo tu ley.	
Salmos	119	120	orthographic	Mi carne se ha extremecido por temor de ti; Y de tus juicios tengo miedo. AIN	Mi carne se ha extremecido por temor de ti; y de tus juicios tengo miedo.	
Salmos	119	121	orthographic	Juicio y justicia he hecho; No me dejes á mis opresores.	AIN. Juicio y justicia he hecho; no me dejes á mis opresores.	
Salmos	119	128	orthographic	Por eso todos los mandamientos de todas las cosas estimé rectos: Aborrecí todo camino de mentira. PE	Por eso todos los mandamientos de todas las cosas estimé rectos: aborrecí todo camino de mentira.	
Salmos	119	129	orthographic	Maravillosos son tus testimonios: Por tanto los ha guardado mi alma.	PE. Maravillosos son tus testimonios: por tanto los ha guardado mi alma.	
Salmos	119	136	orthographic	Ríos de agua descendieron de mis ojos, Porque no guardaban tu ley. TZADDI	Ríos de agua descendieron de mis ojos, porque no guardaban tu ley.	
Salmos	119	137	orthographic	Justo eres tú, oh Jehová, Y rectos tus juicios.	TZADDI. Justo eres tú, oh Jehová, y rectos tus juicios.	
Salmos	119	144	orthographic	Justicia eterna son tus testimonios; Dame entendimiento, y viviré. COPH	Justicia eterna son tus testimonios; dame entendimiento, y viviré.	
Salmos	119	145	orthographic	Clamé con todo mi corazón; respóndeme, Jehová, Y guardaré tus estatutos.	COPH. Clamé con todo mi corazón; respóndeme, Jehová, y guardaré tus estatutos.	
Salmos	119	152	orthographic	Ya ha mucho que he entendido de tus mandamientos, Que para siempre los fundaste. RESH	Ya ha mucho que he entendido de tus mandamientos, que para siempre los fundaste.	
Salmos	119	153	orthographic	Mira mi aflicción, y líbrame; Porque de tu ley no me he olvidado.	RESH. Mira mi aflicción, y líbrame; porque de tu ley no me he olvidado.	
Salmos	119	160	orthographic	El principio de tu palabra es verdad; Y eterno es todo juicio de tu justicia. SIN	El principio de tu palabra es verdad; y eterno es todo juicio de tu justicia.	
Salmos	119	161	orthographic	Príncipes me han perseguido sin causa; Mas mi corazón tuvo temor de tus palabras.	SIN. Príncipes me han perseguido sin causa; mas mi corazón tuvo temor de tus palabras.	
Salmos	119	168	orthographic	Guardado he tus mandamientos y tus testimonios; Porque todos mis caminos están delante de ti. TAU	Guardado he tus mandamientos y tus testimonios; porque todos mis caminos están delante de ti.	
Salmos	119	169	orthographic	Acérquese mi clamor delante de ti, oh Jehová: Dame entendimiento conforme á tu palabra.	TAU. Acérquese mi clamor delante de ti, oh Jehová: dame entendimiento conforme á tu palabra.	
Salmos	144	7	orthographic	Envía tu mano desde lo alto; Redímeme, y sácame de las muchas aguas, De la mano de los hijos de extraños;	Envía tu mano desde lo alto; redímeme, y sácame de las muchas aguas, de la mano de los hijos extraños;	
Proverbios	21	29	orthographic	El hombre impío afirma rostro: Mas el recto ordena sus caminos.	El hombre impío afirma su rostro: mas el recto ordena sus caminos.	
Proverbios	26	1	orthographic	COMO la nieve en el verano, y la lluvia en la siega, Así [no] conviene al necio la honra.	COMO la nieve en el verano, y la lluvia en la siega, así conviene al necio la honra.	
Proverbios	26	24	orthographic	Otro parece en los labios al que aborrece; Mas en su interior pone engaño.	Otro parece en los labios el que aborrece; mas en su interior pone engaño.	
Eclesiastés	11	10	orthographic	Quita pues el enojo de tu corazón, y aparta el mal de tu carne: porque la mocedad y la juventud son vainidad.	Quita pues el enojo de tu corazón, y aparta el mal de tu carne: porque la mocedad y la juventud son vanidad.	
Cantar de los Cantares	2	3	orthographic	Como el manzano entre los árboles silvestres, Así es mi amado entre los mancebos: Bajo la sombra del deseado me senté, Y su fruto fué dulce en mi paladar.	Como el manzano entre los árboles silvestres, así es mi amado entre los mancebos: bajo la sombra del deseado me senté, y su fruto fué dulce á mi paladar.	
Cantar de los Cantares	7	4	punctuation-only	Tu cuello, como torre de marfil; Tus ojos, como las pesqueras de Hesbón junto á la puerta de Bat-rabbim; Tu nariz, como la torre del Líbano, Que mira hacia Damasco.	Tu cuello, como torre de marfil; tus ojos, como las pesqueras de Hesbón junto á la puerta de Batrabbim; tu nariz, como la torre del Líbano, que mira hacia Damasco.	
Isaías	10	13	orthographic	Porque dijo: Con la fortaleza de mi mano lo he hecho, y con mi sabiduría; porque he sido prudente: y quité los términos de los pueblos, y saqué sus tesoros, y derribé como valientes los que estaban sentados:	Porque dijo: Con la fortaleza de mi mano lo he hecho, y con mi sabiduría; porque he sido prudente: y quité los términos de los pueblos, y saqueé sus tesoros, y derribé como valientes los que estaban sentados:	
Isaías	14	3	orthographic	Y será en el día que Jehová te diera reposo de tu trabajo, y de tu temor, y de la dura servidumbre en que te hicieron servir,	Y será en el día que Jehová te diere reposo de tu trabajo, y de tu temor, y de la dura servidumbre en que te hicieron servir,	
Isaías	17	1	orthographic	CARGA de Damasco. He aquí que Damasco dejó de ser ciudad, y será montón de ruinas.	CARGA de Damasco. He aquí que Damasco dejó de ser ciudad, y será montón de ruina.	
Isaías	19	1	orthographic	CARGA de Egipto. He aquí que Jehová monta sobre una ligera nube, y entrará en Egipto; y los ídolos de Egipto se moverán delante de él, y desleiráse el corazón de los egipcios dentro de ellos.	CARGA de Egipto. He aquí que Jehová monta sobre una ligera nube, y entrará en Egipto; y los ídolos de Egipto se moverán delante de él, y desleiráse el corazón de los Egipcios en medio de ellos.	
Isaías	21	16	orthographic	Porque así me ha dicho Jehová: De aquí á un año, semejante á años de mozo de soldada, toda la gloria de Cedar será desecha;	Porque así me ha dicho Jehová: De aquí á un año, semejante á años de mozo de soldada, toda la gloria de Cedar será deshecha;	
Isaías	23	1	orthographic	CARGA de Tiro. Aullad, naves de Tarsis, porque destruida es hasta no quedar casa, ni entrada; de la tierra de Quitim les es revelado.	CARGA de Tiro. Aullad, naves de Tarsis, porque destruída es hasta no quedar casa, ni entrada: de la tierra de Chîttim les es revelado.	
Isaías	31	8	orthographic	Entonces caerá el Assur por cuchillo, no de varón; y consumirálo espada, no de hombre; y huirá de la presencia de la espada, y sus mancebos serán tributarios.	Entonces caerá el Assur por cuhillo, no de varón; y consumirálo espada, no de hombre; y huirá de la presencia de la espada, y sus mancebos serán tributarios.	
Isaías	33	8	orthographic	Las calzadas están desechas, cesaron los caminantes: anulado ha la alianza, aborreció las ciudades, tuvo en nada los hombres.	Las calzadas están deshechas, cesaron los caminantes: anulado ha la alianza, aborreció las ciudades, tuvo en nada los hombres.	
Isaías	36	22	orthographic	Entonces Eliacim hijo de Hilcías mayordormo, y Sebna escriba, y Joah hijo de Asaph canciller, vinieron á Ezechîas rotos sus vestidos, y contáronle las palabras de Rabsaces.	Entonces Eliacim hijo de Hilcías mayordomo, y Sebna escriba, y Joah hijo de Asaph canciller, vinieron á Ezechîas rotos sus vestidos, y contáronle las palabras de Rabsaces.	
Isaías	39	1	punctuation-only	EN aquel tiempo Merodachbaladán, hijo de Baladán, rey de Babilonia, envió cartas y presentes á Ezechîas; porque había oído que había estado enfermo, y que había convalecido.	EN aquel tiempo Merodach-baladán, hijo de Baladán, rey de Babilonia, envió cartas y presentes á Ezechîas; porque había oído que había estado enfermo, y que había convalecido.	
Isaías	48	13	orthographic	Mi mano fundó también la tierra, y mi mano derecha midió los cielo con el palmo; en llamándolos yo, parecieron juntamente.	Mi mano fundó también la tierra, y mi mano derecha midió los cielos con el palmo; en llamándolos yo, parecieron juntamente.	
Isaías	49	26	orthographic	Y á los que te despojaron haré comer sus carnes, y con su sangre serán embriagados como mosto; y conocerá toda carne que yo Jehová soy Salvador tuyo, y Redentor tuyo, el Fuerte de Jacob.	Y á los que te despojaron haré comer sus carnes, y con su sangre serán embriagados como con mosto; y conocerá toda carne que yo Jehová soy Salvador tuyo, y Redentor tuyo, el Fuerte de Jacob.	
Isaías	56	6	orthographic	Y á los hijos de los extranjeros que se allegaren á Jehová para ministrarle, y que amaren el nombre de Jehová para ser sus siervos: á todos los que guardaren el sábado de profanarlo, y abrazaren mi pacto,	Y á los hijos de los extranjeros que se llegaren á Jehová para ministrarle, y que amaren el nombre de Jehová para ser sus siervos: á todos los que guardaren el sábado de profanarlo, y abrazaren mi pacto,	
Isaías	58	14	orthographic	Entonces te delelitarás en Jehová; y yo te haré subir sobre las alturas de la tierra, y te daré á comer la heredad de Jacob tu padre: porque la boca de Jehová lo ha hablado.	Entonces te deleitarás en Jehová; y yo te haré subir sobre las alturas de la tierra, y te daré á comer la heredad de Jacob tu padre: porque la boca de Jehová lo ha hablado.	
Jeremías	7	34	orthographic	Y haré cesar de las ciudades de Judá, y de las calles de Jerusalem, voz de gozo y voz de alegría, voz de esposo y voz de esposa; porque la tierra será en desolación.	Y haré cesar de las ciudades de Judá, y de la calles de Jerusalem, voz de gozo y voz de alegría, voz de esposo y voz de esposa; porque la tierra será en desolación.	
Jeremías	9	11	orthographic	Y pondré á Jerusalem en montones, por moradas de culebras; y pondré las ciudades de Judá en asolamiento, que no quede morador.	Y pondré á Jerusalem en montones, por morada de culebras; y pondré las ciudades de Judá en asolamiento, que no quede morador.	
Jeremías	15	8	orthographic	Sus viudas se multiplicaron más que la arena de la mar; traje contra ellos destruidor á medio día sobre la madre y los hijos; sobre la ciudad hice que de repente cayesen terrores.	Sus viudas se me multiplicaron más que la arena de la mar; traje contra ellos destruidor á medio día sobre la madre y los hijos; sobre la ciudad hice que de repente cayesen terrores.	
Jeremías	20	3	punctuation-only	Y el día siguiente Pashur sacó á Jeremías del cepo. Díjole entonces Jeremías: Jehová no ha llamado tu nombre Pashur, sino Magormissabib.	Y el día siguiente Pashur sacó á Jeremías del cepo. Díjole entonces Jeremías: Jehová no ha llamado tu nombre Pashur, sino Magor-missabib.	
Jeremías	20	16	orthographic	Y sea el tal hombre como las ciudades que asoló Jehová, y no se arrepintió: y oiga gritos de mañana, y voces a medio día;	Y sea el tal hombre como las ciudades que asoló Jehová, y no se arrepintió: y oiga gritos de mañana, y voces al medio día;	
Jeremías	25	19	orthographic	A Faraón rey de Egipto, y á sus siervos, y á sus príncipes, y á todo su pueblo;	A Faraón rey de Egipto, y á sus siervos, á sus príncipes, y á todo su pueblo;	
Jeremías	28	14	orthographic	Porque así ha dicho Jehová de los ejércitos, Dios de Israel: Yugo de hierro puso sobre el cuello de todas estas gentes, para que sirvan á Nabucodonosor rey de Babilonia, y han de servirle; y aun también le he dado las bestias del campo.	Porque así ha dicho Jehová de los ejércitos, Dios de Israel: Yugo de hierro puse sobre el cuello de todas estas gentes, para que sirvan á Nabucodonosor rey de Babilonia, y han de servirle; y aun también le he dado las bestias del campo.	
Jeremías	29	18	orthographic	Y perseguirélos con espada, con hambre y con pestilencia; y darélos por escarnio á todos los reinos de la tierra, por maldición y por espanto, y por silbo y por afrenta á todas las gentes á las cuales los habré arrojado;	Y perseguirélos con espada, con hambre y con pestilencia; y darélos por escarnio á todos los reinos de la tierra, por maldición y por espanto, y por silbo y por afrenta á todas la gentes á las cuales los habré arrojado;	
Jeremías	31	28	orthographic	Y será que, como tuve ciudado de ellos para arrancar y derribar, y trastornar y perder, y afligir, así tendré cuidado de ellos para edificar y plantar, dice Jehová.	Y será que, como tuve cuidado de ellos para arrancar y derribar, y trastornar y perder, y afligir, así tendré cuidado de ellos para edificar y plantar, dice Jehová.	
Jeremías	36	28	orthographic	Vuelve á tomar otro rollo, y escribe en él todas las palabras primeras, que estaban en el primer rollo que quemó Joacim, el rey de Judá.	Vuelve á tomar otro rollo, y escribe en él todas las palabras primeras, que estaban en el primer rollo que quemó Joacim, rey de Judá.	
Jeremías	40	8	orthographic	Vinieron luego á Gedalías en Mizpa, es á saber, Ismael hijo de Nethanías, y Johanán y Jonathán hijos de Carea, y Seraías hijo de Tanhumeth, y los hijos de Ephi Netophatita, y Jezanías hijo de Maachâti, ellos y su hombres.	Vinieron luego á Gedalías en Mizpa, es á saber, Ismael hijo de Nethanías, y Johanán y Jonathán hijos de Carea, y Seraías hijo de Tanhumeth, y los hijos de Ephi Netophatita, y Jezanías hijo de Maachâti, ellos y sus hombres.	
Jeremías	44	2	orthographic	Así ha dicho Jehová de los ejércitos, Dios de Israel: Vosotros habéis visto todo el mal que traje sobre Jerusalem y sobre todas las ciudades de Judá: y he aquí que ellas están el día de hoy asoladas, y ni hay en ellas morador;	Así ha dicho Jehová de los ejércitos, Dios de Israel: Vosotros habéis visto todo el mal que traje sobre Jerusalem y sobre todas las ciudades de Judá: y he aquí que ellas están el día de hoy asoladas, ni hay en ellas morador;	
Jeremías	44	30	orthographic	Así ha dicho Jehová: He aquí que yo entrego á Farón Hophra rey de Egipto en mano de sus enemigos, y en mano de los que buscan su alma, como entregué á Sedechîas rey de Judá en mano de Nabucodonosor rey de Babilonia, su enemigo, y que buscaba su alma.	Así ha dicho Jehová: He aquí que yo entrego á Faraón Hophra rey de Egipto en mano de sus enemigos, y en mano de los que buscan su alma, como entregué á Sedechîas rey de Judá en mano de Nabucodonosor rey de Babilonia, su enemigo, y que buscaba su alma.	
Jeremías	49	13	orthographic	Porque por mí he jurado, dice Jehová, que en asolamiento, en oprobio, en soledad, y en maldición, será Bosra; y todas su ciudades serán en asolamientos perpetuos.	Porque por mí he jurado, dice Jehová, que en asolamiento, en oprobio, en soledad, y en maldición, será Bosra; y todas sus ciudades serán en asolamientos perpetuos.	
Jeremías	49	29	orthographic	Sus tiendas y su ganados tomarán: sus cortinas, y todos sus vasos, y sus camellos, tomarán para sí; y llamarán contra ellos miedo alrededor.	Sus tiendas y sus ganados tomarán: sus cortinas, y todos sus vasos, y sus camellos, tomarán para sí; y llamarán contra ellos miedo alrededor.	
Jeremías	50	30	orthographic	Por tanto sus mancebos caerán es sus plazas, y todos su hombres de guerra serán talados en aquel día, dice Jehová.	Por tanto sus mancebos caerán en sus plazas, y todos su hombres de guerra serán talados en aquel día, dice Jehová.	
Jeremías	52	25	orthographic	Y de la ciudad tomó un eunuco que era capitán sobre los hombres de guerra, y siete hombres de los continuos del rey, que se hallaron en al ciudad; y al principal secretario de la milicia, que revistaba el pueblo de la tierra para la guerra; y sesenta hombres del vulgo del país, que se hallaron dentro de la ciudad.	Y de la ciudad tomó un eunuco que era capitán sobre los hombres de guerra, y siete hombres de los continuos del rey, que se hallaron en la ciudad; y al principal secretario de la milicia, que revistaba el pueblo de la tierra para la guerra; y sesenta hombres del vulgo del país, que se hallaron dentro de la ciudad.	
Lamentaciones	3	11	orthographic	Torció mis caminos, y despedazóme; tornóme asolado.	Torció mis caminos, y depedazóme; tornóme asolado.	
Lamentaciones	4	18	orthographic	Cazaron nuestro pasos, que no anduviésemos por nuestras calles: Acercóse nuestro fin, cumpliéronse nuestros días; porque nuestro fin vino.	Cazaron nuestros pasos, que no anduviésemos por nuestras calles: acercóse nuestro fin, cumpliéronse nuestros días; porque nuestro fin vino.	
Lamentaciones	5	17	orthographic	Por esto fué entristecido nuestro corazón, Por esto se entenebrecieron nuestro ojos:	Por esto fué entristecido nuestro corazón, por esto se entenebrecieron nuestros ojos:	
Ezequiel	1	26	orthographic	Y sobre la expansión que había sobre sus cabezas, veíase la figura de un trono y que parecía de piedra de zafiro; y sobre la figura del trono había una semejanza que parecía de hombre sentado sobre él.	Y sobre la expansión que había sobre sus cabezas, veíase la figura de un trono que parecía de piedra de zafiro; y sobre la figura del trono había una semejanza que parecía de hombre sentado sobre él.	
Ezequiel	6	6	orthographic	En todas vuestras habitaciones las ciudades serán desiertas, y los altos serán asolados, para que sean asolados y se hagan desiertos vuestros altares; y quebrados serán vuestros ídolos, y cesarán; y vuestras imágenes del sol serán destruídas, y vuestras obras serán desechas.	En todas vuestras habitaciones las ciudades serán desiertas, y los altos serán asolados, para que sean asolados y se hagan desiertos vuestros altares; y quebrados serán vuestros ídolos, y cesarán; y vuestras imágenes del sol serán destruídas, y vuestras obras serán deshechas.	
Ezequiel	8	4	orthographic	Y he aquí allí estaba la gloria del Dios de Israel, como la visión que yo había visto en el campo.	Y he aquí que allí estaba la gloria del Dios de Israel, como la visión que yo había visto en el campo.	
Ezequiel	11	18	orthographic	Y vendrán allá, y quitarán de ella todas su torpezas, y todas sus abominaciones.	Y vendrán allá, y quitarán de ella todas sus torpezas, y todas sus abominaciones.	
Ezequiel	18	14	orthographic	Pero si éste engrendrare hijo, el cual viere todos los pecados que su padre hizo, y viéndolos no hiciere según ellos:	Pero si éste engendrare hijo, el cual viere todos los pecados que su padre hizo, y viéndolos no hiciere según ellos:	
Ezequiel	18	20	orthographic	El alma que pecare, esa morirá: el hijo no llevará por el pecado del padre, ni el padre llevará por el pecado del hijo: la justicia del justo será sobre él, y la impiedad el impío será sobre él.	El alma que pecare, esa morirá: el hijo no llevará por el pecado del padre, ni el padre llevará por el pecado del hijo: la justicia del justo será sobre él, y la impiedad del impío será sobre él.	
Ezequiel	25	9	punctuation-only	Por tanto, he aquí yo abro el lado de Moab desde las ciudades, desde sus ciudades que están en su confín, las tierras deseables de Beth-jesi-moth, y Baal-meón, y Chîriathaim,	Por tanto, he aquí yo abro el lado de Moab desde las ciudades, desde sus ciudades que están en su confín, las tierras deseables de Beth-jesimoth, y Baal-meón, y Chîriathaim,	
Ezequiel	31	18	orthographic	¿A quién te has comparado así en gloria y en grandeza entre los árboles de Edén? Pues derrribado serás con los árboles de Edén en la tierra baja: entre los incircuncisos yacerás, con los muertos á cuchillo. Este es Faraón y todo su pueblo, dice el Señor Jehová.	¿A quién te has comparado así en gloria y en grandeza entre los árboles de Edén? Pues derribado serás con los árboles de Edén en la tierra baja: entre los incircuncisos yacerás, con los muertos á cuchillo. Este es Faraón y todo su pueblo, dice el Señor Jehová.	
Ezequiel	38	1	SUBSTANTIVE	Vino a mí palabra de Jehová, diciendo:	Y FUÉ á mí palabra de Jehová, diciendo:	
Ezequiel	38	2	SUBSTANTIVE	Hijo de hombre, pon tu rostro contra Gog en tierra de Magog, príncipe soberano de Mesec y Tubal, y profetiza contra él,	Hijo del hombre, pon tu rostro contra Gog en tierra de Magog, príncipe de la cabecera de Mesech y Tubal, y profetiza sobre él,	
Ezequiel	38	3	SUBSTANTIVE	y di: Así ha dicho Jehová el Señor: He aquí, yo estoy contra ti, oh Gog, príncipe soberano de Mesec y Tubal.	Y di: Así ha dicho el Señor Jehová: He aquí, yo á ti, oh Gog, príncipe de la cabecera de Mesech y Tubal.	
Ezequiel	38	4	SUBSTANTIVE	Y te quebrantaré, y pondré garfios en tus quijadas, y te sacaré a ti y a todo tu ejército, caballos y jinetes, de todo en todo equipados, gran multitud con paveses y escudos, teniendo todos ellos espadas;	Y yo te quebrantaré, y pondré anzuelos en tus quijadas, y te sacaré á ti, y á todo tu ejército, caballos y caballeros, vestidos de todo todos ellos, grande multitud con paveses y escudos, teniendo todos ellos espadas:	
Ezequiel	38	5	SUBSTANTIVE	Persia, Cus y Fut con ellos; todos ellos con escudo y yelmo;	Persia, y Etiopía, y Libia con ellos; todos ellos con escudos y almetes:	
Ezequiel	38	6	SUBSTANTIVE	Gomer, y todas sus tropas; la casa de Togarma, de los confines del norte, y todas sus tropas; muchos pueblos contigo.	Gomer, y todas sus compañías; la casa de Togarma, á los lados del norte, y todas sus compañías; pueblos muchos contigo.	
Ezequiel	38	7	SUBSTANTIVE	Prepárate y apercíbete, tú y toda tu multitud que se ha reunido a ti, y sé tú su guarda.	Aparéjate, y apercíbete, tú, y toda tu multitud que se ha reunido á ti, y séles por guarda.	
Ezequiel	38	8	orthographic	De aquí a muchos días serás visitado; al cabo de años vendrás a la tierra salvada de la espada, recogida de muchos pueblos, a los montes de Israel, que siempre fueron una desolación; mas fue sacada de las naciones, y todos ellos morarán confiadamente.	De aquí á muchos días serás tú visitado: al cabo de años vendrás á la tierra salvada de la espada, recogida de muchos pueblos, á los montes de Israel, que siempre fueron para asolamiento: mas fué sacada de las naciones, y todos ellos morarán confiadamente.	
Ezequiel	38	9	orthographic	Subirás tú, y vendrás como tempestad; como nublado para cubrir la tierra serás tú y todas tus tropas, y muchos pueblos contigo.	Y subirás tú, vendrás como tempestad; como nublado para cubrir la tierra serás tú, y todas tus compañías, y muchos pueblos contigo.	
Ezequiel	38	10	SUBSTANTIVE	Así ha dicho Jehová el Señor: En aquel día subirán palabras en tu corazón, y concebirás mal pensamiento,	Así ha dicho el Señor Jehová: Y será en aquel día, que subirán palabras en tu corazón, y concebirás mal pensamiento;	
Ezequiel	38	11	SUBSTANTIVE	y dirás: Subiré contra una tierra indefensa, iré contra gentes tranquilas que habitan confiadamente; todas ellas habitan sin muros, y no tienen cerrojos ni puertas;	Y dirás: Subiré contra tierra de aldeas, iré á gentes reposadas, y que habitan confiadamente: todos ellos habitan sin muros, no tienen cerrojos ni puertas:	
Ezequiel	38	12	SUBSTANTIVE	para arrebatar despojos y para tomar botín, para poner tus manos sobre las tierras desiertas ya pobladas, y sobre el pueblo recogido de entre las naciones, que se hace de ganado y posesiones, que mora en la parte central de la tierra.	Para arrebatar despojos y para tomar presa; para tornar tu mano sobre las tierras desiertas ya pobladas, y sobre el pueblo recogido de las gentes, que se hace de ganados y posesiones, que mora en el ombligo de la tierra.	
Ezequiel	38	13	orthographic	Sabá y Dedán, y los mercaderes de Tarsis y todos sus príncipes, te dirán: ¿Has venido a arrebatar despojos? ¿Has reunido tu multitud para tomar botín, para quitar plata y oro, para tomar ganados y posesiones, para tomar grandes despojos?	Seba, y Dedán, y los mercaderes de Tarsis, y todos sus leoncillos, te dirán: ¿Has venido á arrebatar despojos? ¿has reunido tu multitud para tomar presa, para quitar plata y oro, para tomar ganados y posesiones, para tomar grandes despojos?	
Ezequiel	38	14	SUBSTANTIVE	Por tanto, profetiza, hijo de hombre, y di a Gog: Así ha dicho Jehová el Señor: En aquel tiempo, cuando mi pueblo Israel habite con seguridad, ¿no lo sabrás tú?	Por tanto profetiza, hijo del hombre, y di á Gog: Así ha dicho el Señor Jehová: En aquel tiempo, cuando mi pueblo Israel habitará seguramente, ¿no lo sabrás tú?	
Ezequiel	38	15	SUBSTANTIVE	Vendrás de tu lugar, de las regiones del norte, tú y muchos pueblos contigo, todos ellos a caballo, gran multitud y poderoso ejército,	Y vendrás de tu lugar, de las partes del norte, tú y muchos pueblos contigo, todos ellos á caballo, grande reunión y poderoso ejército:	
Ezequiel	38	16	orthographic	y subirás contra mi pueblo Israel como nublado para cubrir la tierra; será al cabo de los días; y te traeré sobre mi tierra, para que las naciones me conozcan, cuando sea santificado en ti, oh Gog, delante de sus ojos.	Y subirás contra mi pueblo Israel como nublado para cubrir la tierra; será al cabo de los días: y te traeré sobre mi tierra, para que las gentes me conozcan, cuando fuere santificado en ti, oh Gog, delante de sus ojos.	
Ezequiel	38	17	orthographic	Así ha dicho Jehová el Señor: ¿No eres tú aquel de quien hablé yo en tiempos pasados por mis siervos los profetas de Israel, los cuales profetizaron en aquellos tiempos que yo te había de traer sobre ellos?	Así ha dicho el Señor Jehová: ¿No eres tú aquél de quien hablé yo en tiempos pasados por mis siervos los profetas de Israel, los cuales profetizaron en aquellos tiempos que yo te había de traer sobre ellos?	
Ezequiel	38	18	SUBSTANTIVE	En aquel tiempo, cuando venga Gog contra la tierra de Israel, dijo Jehová el Señor, subirá mi ira y mi enojo.	Y será en aquel tiempo, cuando vendrá Gog contra la tierra de Israel, dijo el Señor Jehová, que subirá mi ira en mi enojo.	
Ezequiel	38	20	SUBSTANTIVE	que los peces del mar, las aves del cielo, las bestias del campo y toda serpiente que se arrastra sobre la tierra, y todos los hombres que están sobre la faz de la tierra, temblarán ante mi presencia; y se desmoronarán los montes, y los vallados caerán, y todo muro caerá a tierra.	Que los peces de la mar, y las aves del cielo, y las bestias del campo, y toda serpiente que anda arrastrando sobre la tierra, y todos los hombres que están sobre la haz de la tierra, temblarán á mi presencia; y se arruinarán los montes, y los vallados caerán, y todo muro caerá á tierra.	
Ezequiel	38	21	orthographic	Y en todos mis montes llamaré contra él la espada, dice Jehová el Señor; la espada de cada cual será contra su hermano.	Y en todos mis montes llamaré contra él espada, dice el Señor Jehová: la espada de cada cual será contra su hermano.	
Ezequiel	38	22	orthographic	Y yo litigaré contra él con pestilencia y con sangre; y haré llover sobre él, sobre sus tropas y sobre los muchos pueblos que están con él, impetuosa lluvia, y piedras de granizo, fuego y azufre.	Y yo litigaré con él con pestilencia y con sangre; y haré llover sobre él, y sobre sus compañías, y sobre los muchos pueblos que están con él, impetuosa lluvia, y piedras de granizo, fuego y azufre.	
Ezequiel	38	23	orthographic	Y seré engrandecido y santificado, y seré conocido ante los ojos de muchas naciones; y sabrán que yo soy Jehová.	Y seré engrandecido y santificado, y seré conocido en ojos de muchas gentes; y sabrán que yo soy Jehová.	
Ezequiel	39	1	SUBSTANTIVE	Tú pues, hijo de hombre, profetiza contra Gog, y di: Así ha dicho Jehová el Señor: He aquí yo estoy contra ti, oh Gog, príncipe soberano de Mesec y Tubal.	TÚ pues, hijo del hombre, profetiza contra Gog, y di: Así ha dicho el Señor Jehová: He aquí yo contra ti, oh Gog, príncipe de la cabecera de Mesech y Tubal:	
Ezequiel	39	2	orthographic	Y te quebrantaré, y te conduciré y te haré subir de las partes del norte, y te traeré sobre los montes de Israel;	Y te quebrantaré, y te sextaré, y te haré subir de las partes del norte, y te traeré sobre los montes de Israel;	
Ezequiel	39	4	SUBSTANTIVE	Sobre los montes de Israel caerás tú y todas tus tropas, y los pueblos que fueron contigo; a aves de rapiña de toda especie, y a las fieras del campo, te he dado por comida.	Sobre los montes de Israel caerás tú, y todas tus compañías, y los pueblos que fueron contigo: á toda ave y á toda cosa que vuela, y á las bestias del campo, te he dado por comida.	
Ezequiel	39	5	SUBSTANTIVE	Sobre la faz del campo caerás; porque yo he hablado, dice Jehová el Señor.	Sobre la haz del campo caerás: porque yo he hablado, dice el Señor Jehová.	
Ezequiel	39	6	orthographic	Y enviaré fuego sobre Magog, y sobre los que moran con seguridad en las costas; y sabrán que yo soy Jehová.	Y enviaré fuego sobre Magog, y sobre los que moran seguramente en las islas; y sabrán que yo soy Jehová.	
Ezequiel	39	7	orthographic	Y haré notorio mi santo nombre en medio de mi pueblo Israel, y nunca más dejaré profanar mi santo nombre; y sabrán las naciones que yo soy Jehová, el Santo en Israel.	Y haré notorio mi santo nombre en medio de mi pueblo Israel, y nunca más dejaré amancillar mi santo nombre; y sabrán las gentes que yo soy Jehová, el Santo en Israel.	
Ezequiel	39	8	SUBSTANTIVE	He aquí viene, y se cumplirá, dice Jehová el Señor; este es el día del cual he hablado.	He aquí, vino y fué, dice el Señor Jehová: este es el día del cual he hablado.	
Ezequiel	39	9	orthographic	Y los moradores de las ciudades de Israel saldrán, y encenderán y quemarán armas, escudos, paveses, arcos y saetas, dardos de mano y lanzas; y los quemarán en el fuego por siete años.	Y los moradores de las ciudades de Israel saldrán, y encenderán y quemarán armas, y escudos, y paveses, arcos y saetas, y bastones de mano, y lanzas: y las quemarán en fuego por siete años.	
Ezequiel	39	10	orthographic	No traerán leña del campo, ni cortarán de los bosques, sino quemarán las armas en el fuego; y despojarán a sus despojadores, y robarán a los que les robaron, dice Jehová el Señor.	Y no traerán leña del campo, ni cortarán de los bosques, sino que quemarán las armas en el fuego: y despojarán á sus despojadores, y robarán á los que los robaron, dice el Señor Jehová.	
Ezequiel	39	11	orthographic	En aquel tiempo yo daré a Gog lugar para sepultura allí en Israel, el valle de los que pasan al oriente del mar; y obstruirá el paso a los transeúntes, pues allí enterrarán a Gog y a toda su multitud; y lo llamarán el Valle de Hamón-gog.[a]	Y será en aquel tiempo, que yo daré á Gog lugar para sepultura allí en Israel, el valle de los que pasan al oriente de la mar, y obstruirá el paso á los transeuntes, pues allí enterrarán á Gog y á toda su multitud: y lo llamarán, El valle de Hamón-gog.	
Ezequiel	39	13	SUBSTANTIVE	Los enterrará todo el pueblo de la tierra; y será para ellos célebre el día en que yo sea glorificado, dice Jehová el Señor.	Enterrarlos ha todo el pueblo de la tierra: y será para ellos célebre el día que yo fuere glorificado, dice el Señor Jehová.	
Ezequiel	39	14	orthographic	Y tomarán hombres a jornal que vayan por el país con los que viajen, para enterrar a los que queden sobre la faz de la tierra, a fin de limpiarla; al cabo de siete meses harán el reconocimiento.	Y tomarán hombres de jornal, los cuales vayan por el país con los que viajaren, para enterrar á los que quedaron sobre la haz de la tierra, á fin de limpiarla: al cabo de siete meses harán el reconocimiento.	
Ezequiel	39	15	orthographic	Y pasarán los que irán por el país, y el que vea los huesos de algún hombre pondrá junto a ellos una señal, hasta que los entierren los sepultureros en el valle de Hamón-gog.	Y pasarán los que irán por el país, y el que viere los huesos de algún hombre, edificará junto á ellos un mojón, hasta que los entierren los sepultureros en el valle de Hamón-gog.	
Ezequiel	39	16	orthographic	Y también el nombre de la ciudad será Hamona;[b] y limpiarán la tierra.	Y también el nombre de la ciudad será Hamonah: y limpiarán la tierra.	
Ezequiel	39	17	SUBSTANTIVE	Y tú, hijo de hombre, así ha dicho Jehová el Señor: Di a las aves de toda especie, y a toda fiera del campo: Juntaos, y venid; reuníos de todas partes a mi víctima que sacrifico para vosotros, un sacrificio grande sobre los montes de Israel; y comeréis carne y beberéis sangre.	Y tú, hijo del hombre, así ha dicho el Señor Jehová: Di á las aves, á todo volátil, y á toda bestia del campo: Juntaos, y venid; reuníos de todas partes á mi víctima que os sacrifico, un sacrificio grande sobre los montes de Israel, y comeréis carne y beberéis sangre.	
Ezequiel	39	18	orthographic	Comeréis carne de fuertes, y beberéis sangre de príncipes de la tierra; de carneros, de corderos, de machos cabríos, de bueyes y de toros, engordados todos en Basán.	Comeréis carne de fuertes, y beberéis sangre de príncipes de la tierra; de carneros, de corderos, de machos de cabrío, de bueyes, de toros, engordados todos en Basán.	
Ezequiel	39	19	SUBSTANTIVE	Comeréis grosura hasta saciaros, y beberéis hasta embriagaros de sangre de las víctimas que para vosotros sacrifiqué.	Y comeréis gordura hasta hartaros, y beberéis hasta embriagaros sangre, de mi sacrificio que yo os sacrifiqué.	
Ezequiel	39	20	SUBSTANTIVE	Y os saciaréis sobre mi mesa, de caballos y de jinetes fuertes y de todos los hombres de guerra, dice Jehová el Señor.	Y os hartaréis sobre mi mesa, de caballos, y de caballeros fuertes, y de todos hombres de guerra, dice el Señor Jehová.	
Ezequiel	39	21	orthographic	Y pondré mi gloria entre las naciones, y todas las naciones verán mi juicio que habré hecho, y mi mano que sobre ellos puse.	Y pondré mi gloria entre las gentes, y todas las gentes verán mi juicio que habré hecho, y mi mano que sobre ellos puse.	
Ezequiel	39	23	orthographic	Y sabrán las naciones que la casa de Israel fue llevada cautiva por su pecado, por cuanto se rebelaron contra mí, y yo escondí de ellos mi rostro, y los entregué en manos de sus enemigos, y cayeron todos a espada.	Y sabrán las gentes que la casa de Israel fué llevada cautiva por su pecado; por cuanto se rebelaron contra mí, y yo escondí de ellos mi rostro, y entreguélos en mano de sus enemigos, y cayeron todos á cuchillo.	
Ezequiel	39	25	SUBSTANTIVE	Por tanto, así ha dicho Jehová el Señor: Ahora volveré la cautividad de Jacob, y tendré misericordia de toda la casa de Israel, y me mostraré celoso por mi santo nombre.	Por tanto, así ha dicho el Señor Jehová: Ahora volveré la cautividad de Jacob, y tendré misericordia de toda la casa de Israel, y celaré por mi santo nombre.	
Ezequiel	39	26	orthographic	Y ellos sentirán su vergüenza, y toda su rebelión con que prevaricaron contra mí, cuando habiten en su tierra con seguridad, y no haya quien los espante;	Y ellos sentirán su vergüenza, y toda su rebelión con que prevaricaron contra mí, cuando habitaren en su tierra seguramente, y no habrá quien los espante;	
Ezequiel	39	27	SUBSTANTIVE	Cuando los saque de entre los pueblos, y los reúna de la tierra de sus enemigos, y sea santificado en ellos ante los ojos de muchas naciones.	Cuando los volveré de los pueblos, y los juntaré de las tierras de sus enemigos, y fuere santificado en ellos en ojos de muchas gentes.	
Ezequiel	39	28	SUBSTANTIVE	Y sabrán que yo soy Jehová su Dios, cuando después de haberlos llevado al cautiverio entre las naciones, los reúna sobre su tierra, sin dejar allí a ninguno de ellos.	Y sabrán que yo soy Jehová su Dios, cuando después de haberlos hecho pasar á las gentes, los juntaré sobre su tierra, sin dejar más allá ninguno de ellos.	
Ezequiel	39	29	orthographic	Ni esconderé más de ellos mi rostro; porque habré derramado de mi Espíritu sobre la casa de Israel, dice Jehová el Señor.	Ni esconderé más de ellos mi rostro; porque habré derramado de mi espíritu sobre la casa de Israel, dice el Señor Jehová.	
Ezequiel	40	1	orthographic	En el año veinticinco de nuestro cautiverio, al principio del año, a los diez días del mes, a los catorce años después que la ciudad fue conquistada, en aquel mismo día vino sobre mí la mano de Jehová, y me llevó allá.	EN el año veinticinco de nuestro cautiverio, al principio del año, á los diez del mes, á los catorce años después que la ciudad fué herida, en aquel mismo día fué sobre mí la mano de Jehová, y llevóme allá.	
Ezequiel	40	2	SUBSTANTIVE	En visiones de Dios me llevó a la tierra de Israel, y me puso sobre un monte muy alto, sobre el cual había un edificio parecido a una gran ciudad, hacia la parte sur.	En visiones de Dios me llevó á la tierra de Israel, y púsome sobre un monte muy alto, sobre el cual había como edificio de una ciudad al mediodía.	
Ezequiel	40	3	orthographic	Me llevó allí, y he aquí un varón, cuyo aspecto era como aspecto de bronce; y tenía un cordel de lino en su mano, y una caña de medir; y él estaba a la puerta.	Y llevóme allí, y he aquí un varón, cuyo aspecto era como aspecto de metal, y tenía un cordel de lino en su mano, y una caña de medir: y él estaba á la puerta.	
Ezequiel	40	4	orthographic	Y me habló aquel varón, diciendo: Hijo de hombre, mira con tus ojos, y oye con tus oídos, y pon tu corazón a todas las cosas que te muestro; porque para que yo te las mostrase has sido traído aquí. Cuenta todo lo que ves a la casa de Israel.	Y hablóme aquel varón, diciendo: Hijo del hombre, mira con tus ojos, y oye con tus oídos, y pon tu corazón á todas las cosas que te muestro; porque para que yo te las mostrase eres traído aquí. Cuenta todo lo que ves á la casa de Israel.	
Ezequiel	40	5	SUBSTANTIVE	Y he aquí un muro fuera de la casa; y la caña de medir que aquel varón tenía en la mano era de seis codos de a codo y palmo menor; y midió el espesor del muro, de una caña, y la altura, de otra caña.	Y he aquí, un muro fuera de la casa: y la caña de medir que aquel varón tenía en la mano, era de seis codos, de á codo y palmo: y midió la anchura del edificio de una caña, y la altura, de otra caña.	
Ezequiel	40	6	orthographic	Después vino a la puerta que mira hacia el oriente, y subió por sus gradas, y midió un poste de la puerta, de una caña de ancho, y el otro poste, de otra caña de ancho.	Después vino á la puerta que daba cara hacia el oriente, y subió por sus gradas, y midió el un poste de la puerta, de una caña en anchura, y el otro poste de otra caña en ancho.	
Ezequiel	40	7	orthographic	Y cada cámara tenía una caña de largo, y una caña de ancho; y entre las cámaras había cinco codos de ancho; y cada poste de la puerta junto a la entrada de la puerta por dentro, una caña.	Y cada cámara tenía una caña de largo, y una caña de ancho; y entre las cámaras había cinco codos en ancho; y cada poste de la puerta junto á la entrada de la puerta por dentro, una caña.	
Ezequiel	40	8	orthographic	Midió asimismo la entrada de la puerta por dentro, una caña.	Midió asimismo la entrada de la puerta por de dentro, una caña.	
Ezequiel	40	9	orthographic	Midió luego la entrada del portal, de ocho codos, y sus postes de dos codos; y la puerta del portal estaba por el lado de adentro.	Midió luego la entrada del portal, de ocho codos, y sus postes de dos codos; y la puerta del portal estaba por de dentro.	
Ezequiel	40	10	SUBSTANTIVE	Y la puerta oriental tenía tres cámaras a cada lado, las tres de una medida; también de una medida los portales a cada lado.	Y la puerta de hacia el oriente tenía tres cámaras de cada parte, todas tres de una medida: también de una medida los portales de cada parte.	
Ezequiel	40	11	orthographic	Midió el ancho de la entrada de la puerta, de diez codos, y la longitud del portal, de trece codos.	Y midió la anchura de la entrada de la puerta, de diez codos; la longitud del portal de trece codos.	
Ezequiel	40	12	SUBSTANTIVE	El espacio delante de las cámaras era de un codo a un lado, y de otro codo al otro lado; y cada cámara tenía seis codos por un lado, y seis codos por el otro.	Y el espacio de delante de las cámaras, de un codo de la una parte, y de otro codo de la otra; y cada cámara tenía seis codos de una parte, y seis codos de otra.	
Ezequiel	40	13	orthographic	Midió la puerta desde el techo de una cámara hasta el techo de la otra, veinticinco codos de ancho, puerta contra puerta.	Y midió la puerta desde el techo de la una cámara hasta el techo de la otra, veinticinco codos de anchura, puerta contra puerta.	
Ezequiel	40	14	SUBSTANTIVE	Y midió los postes, de sesenta codos, cada poste del atrio y del portal todo en derredor.	E hizo los postes de sesenta codos, cada poste del atrio y del portal por todo alrededor.	
Ezequiel	40	15	SUBSTANTIVE	Y desde el frente de la puerta de la entrada hasta el frente de la entrada de la puerta interior, cincuenta codos.	Y desde la delantera de la puerta de la entrada hasta la delantera de la entrada de la puerta de dentro, cincuenta codos.	
Ezequiel	40	16	orthographic	Y había ventanas estrechas en las cámaras, y en sus portales por dentro de la puerta alrededor, y asimismo en los corredores; y las ventanas estaban alrededor por dentro; y en cada poste había palmeras.	Y había ventanas estrechas en las cámaras, y en sus portales por de dentro de la puerta alrededor, y asimismo en los corredores; y las ventanas estaban alrededor por de dentro; y en cada poste había palmas.	
Ezequiel	40	17	SUBSTANTIVE	Me llevó luego al atrio exterior, y he aquí había cámaras, y estaba enlosado todo en derredor; treinta cámaras había alrededor en aquel atrio.	Llevóme luego al atrio exterior, y he aquí, había cámaras, y solado hecho al atrio en derredor: treinta cámaras había alrededor en aquel atrio.	
Ezequiel	40	18	orthographic	El enlosado a los lados de las puertas, en proporción a la longitud de los portales, era el enlosado más bajo.	Y el solado al lado de las puertas, en proporción á la longitud de los portales, era el solado más bajo.	
Ezequiel	40	19	orthographic	Y midió la anchura desde el frente de la puerta de abajo hasta el frente del atrio interior por fuera, de cien codos hacia el oriente y el norte.	Y midió la anchura desde la delantera de la puerta de abajo hasta la delantera del atrio interior por de fuera, de cien codos hacia el oriente y el norte.	
Ezequiel	40	21	orthographic	Sus cámaras eran tres de un lado, y tres del otro; y sus postes y sus arcos eran como la medida de la puerta primera: cincuenta codos de longitud, y veinticinco de ancho.	Y sus cámaras eran tres de una parte, y tres de otra; y sus postes y sus arcos eran como la medida de la puerta primera: cincuenta codos su longitud, y veinticinco su anchura.	
Ezequiel	40	22	orthographic	Y sus ventanas y sus arcos y sus palmeras eran conforme a la medida de la puerta que estaba hacia el oriente; y se subía a ella por siete gradas, y delante de ellas estaban sus arcos.	Y sus ventanas, y sus arcos, y sus palmas, eran conforme á la medida de la puerta que estaba hacia el oriente; y subían á ella por siete gradas; y delante de ellas estaban sus arcos.	
Ezequiel	40	23	orthographic	La puerta del atrio interior estaba enfrente de la puerta hacia el norte, y así al oriente; y midió de puerta a puerta, cien codos.	Y la puerta del atrio interior estaba enfrente de la puerta al norte; y así al oriente: y midió de puerta á puerta cien codos.	
Ezequiel	40	24	SUBSTANTIVE	Me llevó después hacia el sur, y he aquí una puerta hacia el sur; y midió sus portales y sus arcos conforme a estas medidas.	Llevóme después hacia el mediodía, y he aquí una puerta hacia el mediodía: y midió sus portales y sus arcos conforme á estas medidas.	
Ezequiel	40	25	orthographic	Y tenía sus ventanas y sus arcos alrededor, como las otras ventanas; la longitud era de cincuenta codos, y el ancho de veinticinco codos.	Y tenía sus ventanas y sus arcos alrededor, como las ventanas: la longitud era de cincuenta codos, y la anchura de veinticinco codos.	
Ezequiel	40	26	orthographic	Sus gradas eran de siete peldaños, con sus arcos delante de ellas; y tenía palmeras, una de un lado, y otra del otro lado, en sus postes.	Y sus gradas eran de siete peldaños, con sus arcos delante de ellas; y tenía palmas, una de una parte, y otra de la otra, en sus postes.	
Ezequiel	40	27	SUBSTANTIVE	Había también puerta hacia el sur del atrio interior; y midió de puerta a puerta hacia el sur cien codos.	Y había puerta de hacia el mediodía del atrio interior: y midió de puerta á puerta hacia el mediodía cien codos.	
Ezequiel	40	28	SUBSTANTIVE	Me llevó después en el atrio de adentro a la puerta del sur, y midió la puerta del sur conforme a estas medidas.	Metióme después en el atrio de adentro á la puerta del mediodía, y midió la puerta del mediodía conforme á estas medidas.	
Ezequiel	40	29	orthographic	Sus cámaras y sus postes y sus arcos eran conforme a estas medidas, y tenía sus ventanas y sus arcos alrededor; la longitud era de cincuenta codos, y de veinticinco codos el ancho.	Y sus cámaras, y sus postes, y sus arcos, eran conforme á estas medidas; y tenía sus ventanas y sus arcos alrededor: la longitud era de cincuenta codos, y de veinticinco codos la anchura.	
Ezequiel	40	30	orthographic	Los arcos alrededor eran de veinticinco codos de largo, y cinco codos de ancho.	Y los arcos alrededor eran de veinticinco codos de largo, y cinco codos de ancho.	
Ezequiel	40	31	orthographic	Y sus arcos caían afuera al atrio, con palmeras en sus postes; y sus gradas eran de ocho peldaños.	Y sus arcos caían afuera al atrio, con palmas en sus postes; y sus gradas eran de ocho escalones.	
Ezequiel	40	32	orthographic	Y me llevó al atrio interior hacia el oriente, y midió la puerta conforme a estas medidas.	Y llevóme al atrio interior hacia el oriente, y midió la puerta conforme á estas medidas.	
Ezequiel	40	33	orthographic	Eran sus cámaras y sus postes y sus arcos conforme a estas medidas, y tenía sus ventanas y sus arcos alrededor; la longitud era de cincuenta codos, y la anchura de veinticinco codos.	Y eran sus cámaras, y sus postes, y sus arcos, conforme á estas medidas: y tenía sus ventanas y sus arcos alrededor: la longitud era de cincuenta codos, y la anchura de veinticinco codos.	
Ezequiel	40	34	SUBSTANTIVE	Y sus arcos caían afuera al atrio, con palmeras en sus postes de un lado y de otro; y sus gradas eran de ocho peldaños.	Y sus arcos caían afuera al atrio, con palmas en sus postes de una parte y otra: y sus gradas eran de ocho escalones.	
Ezequiel	40	35	orthographic	Me llevó luego a la puerta del norte, y midió conforme a estas medidas;	Llevóme luego á la puerta del norte, y midió conforme á estas medidas:	
Ezequiel	40	36	orthographic	sus cámaras, sus postes, sus arcos y sus ventanas alrededor; la longitud era de cincuenta codos, y de veinticinco codos el ancho.	Sus cámaras, y sus postes, y sus arcos, y sus ventanas alrededor: la longitud era de cincuenta codos, y de veinticinco codos el ancho.	
Ezequiel	40	37	orthographic	Sus postes caían afuera al atrio, con palmeras a cada uno de sus postes de un lado y de otro; y sus gradas eran de ocho peldaños.	Y sus postes caían fuera al atrio, con palmas á cada uno de sus postes de una parte y otra: y sus gradas eran de ocho peldaños.	
Ezequiel	40	39	orthographic	Y en la entrada de la puerta había dos mesas a un lado, y otras dos al otro, para degollar sobre ellas el holocausto y la expiación y el sacrificio por el pecado.	Y en la entrada de la puerta había dos mesas de la una parte, y otras dos de la otra, para degollar sobre ellas el holocausto, y la expiación, y el sacrificio por el pecado.	
Ezequiel	40	40	orthographic	A un lado, por fuera de las gradas, a la entrada de la puerta del norte, había dos mesas; y al otro lado que estaba a la entrada de la puerta, dos mesas.	Y al lado por de fuera de las gradas, á la entrada de la puerta del norte, había dos mesas; y al otro lado que estaba á la entrada de la puerta, dos mesas.	
Ezequiel	40	41	SUBSTANTIVE	Cuatro mesas a un lado, y cuatro mesas al otro lado, junto a la puerta; ocho mesas, sobre las cuales degollarán las víctimas.	Cuatro mesas de la una parte, y cuatro mesas de la otra parte al lado de la puerta; ocho mesas, sobre las cuales degollarán.	
Ezequiel	40	42	SUBSTANTIVE	Las cuatro mesas para el holocausto eran de piedra labrada, de un codo y medio de longitud, y codo y medio de ancho, y de un codo de altura; sobre éstas pondrán los utensilios con que degollarán el holocausto y el sacrificio.	Y las cuatro mesas para el holocausto eran de piedras labradas, de un codo y medio de longitud, y codo y medio de ancho, y de altura de un codo: sobre éstas pondrán las herramientas con que degollarán el holocausto y el sacrificio.	
Ezequiel	40	43	SUBSTANTIVE	Y adentro, ganchos, de un palmo menor, dispuestos en derredor; y sobre las mesas la carne de las víctimas.	Y dentro, ganchos de un palmo, dispuestos por todo alrededor; y sobre las mesas la carne de la ofrenda.	
Ezequiel	40	44	orthographic	Y fuera de la puerta interior, en el atrio de adentro que estaba al lado de la puerta del norte, estaban las cámaras de los cantores, las cuales miraban hacia el sur; una estaba al lado de la puerta del oriente que miraba hacia el norte.	Y fuera de la puerta interior, en el atrio de adentro que estaba al lado de la puerta del norte, estaban las cámaras de los cantores, las cuales miraban hacia el mediodía: una estaba al lado de la puerta del oriente que miraba hacia el norte.	
Ezequiel	40	45	SUBSTANTIVE	Y me dijo: Esta cámara que mira hacia el sur es de los sacerdotes que hacen la guardia del templo.	Y díjome: Esta cámara que mira hacia el mediodía es de los sacerdotes que tienen la guarda del templo.	
Ezequiel	40	46	orthographic	Y la cámara que mira hacia el norte es de los sacerdotes que hacen la guardia del altar; estos son los hijos de Sadoc, los cuales son llamados de los hijos de Leví para ministrar a Jehová.	Y la cámara que mira hacia el norte es de los sacerdotes que tienen la guarda del altar: estos son los hijos de Sadoc, los cuales son llamados de los hijos de Leví al Señor, para ministrarle.	
Ezequiel	40	47	SUBSTANTIVE	Y midió el atrio, cien codos de longitud, y cien codos de anchura; era cuadrado; y el altar estaba delante de la casa.	Y midió el atrio, cien codos de longitud, y la anchura de cien codos cuadrados; y el altar estaba delante de la casa.	
Ezequiel	40	48	orthographic	Y me llevó al pórtico del templo, y midió cada poste del pórtico, cinco codos de un lado, y cinco codos de otro; y la anchura de la puerta tres codos de un lado, y tres codos de otro.	Y llevóme al pórtico del templo, y midió cada poste del pórtico, cinco codos de una parte, y cinco codos de otra; y la anchura de la puerta tres codos de una parte, y tres codos de otra.	
Ezequiel	40	49	orthographic	La longitud del pórtico, veinte codos, y el ancho once codos, al cual subían por gradas; y había columnas junto a los postes, una de un lado, y otra de otro.	La longitud del pórtico veinte codos, y la anchura once codos, al cual subían por gradas: y había columnas junto á los postes, una de un lado, y otra de otro.	
Ezequiel	41	1	SUBSTANTIVE	Me introdujo luego en el templo, y midió los postes, siendo el ancho seis codos de un lado, y seis codos de otro, que era el ancho del tabernáculo.	METIÓME luego en el templo, y midió los postes, siendo el ancho seis codos de una parte, y seis codos de otra, que era la anchura del tabernáculo.	
Ezequiel	41	2	orthographic	El ancho de la puerta era de diez codos, y los lados de la puerta, de cinco codos de un lado, y cinco del otro. Y midió su longitud, de cuarenta codos, y la anchura de veinte codos.	Y la anchura de la puerta era de diez codos; y los lados de la puerta, de cinco codos de una parte, y cinco de otra. Y midió su longitud de cuarenta codos, y la anchura de veinte codos.	
Ezequiel	41	4	orthographic	Midió también su longitud, de veinte codos, y la anchura de veinte codos, delante del templo; y me dijo: Este es el lugar santísimo.	Midió también su longitud, de veinte codos, y la anchura de veinte codos, delante del templo: y díjome: Este es el lugar santísimo.	
Ezequiel	41	6	SUBSTANTIVE	Las cámaras laterales estaban sobrepuestas unas a otras, treinta en cada uno de los tres pisos; y entraban modillones en la pared de la casa alrededor, sobre los que estribasen las cámaras, para que no estribasen en la pared de la casa.	Y las cámaras eran cámara sobre cámara, treinta y tres por orden; y entraban modillones en la pared de la casa alrededor, sobre los que las cámaras estribasen, y no estribasen en la pared de la casa.	
Ezequiel	41	7	SUBSTANTIVE	Y había mayor anchura en las cámaras de más arriba; la escalera de caracol de la casa subía muy alto alrededor por dentro de la casa; por tanto, la casa tenía más anchura arriba. Del piso inferior se podía subir al de en medio, y de éste al superior.	Y había mayor anchura y vuelta en las cámaras á lo más alto; el caracol de la casa subía muy alto alrededor por de dentro de la casa: por tanto la casa tenía más anchura arriba; y de la cámara baja se subía á la alta por la del medio.	
Ezequiel	41	8	orthographic	Y miré la altura de la casa alrededor; los cimientos de las cámaras eran de una caña entera de seis codos largos.	Y miré la altura de la casa alrededor: los cimientos de las cámaras eran una caña entera de seis codos de grandor.	
Ezequiel	41	9	orthographic	El ancho de la pared de afuera de las cámaras era de cinco codos, igual al espacio que quedaba de las cámaras de la casa por dentro.	Y la anchura de la pared de afuera de las cámaras era de cinco codos, y el espacio que quedaba de las cámaras de la casa por de dentro.	
Ezequiel	41	11	orthographic	La puerta de cada cámara salía al espacio que quedaba, una puerta hacia el norte, y otra puerta hacia el sur; y el ancho del espacio que quedaba era de cinco codos por todo alrededor.	Y la puerta de cada cámara salía al espacio que quedaba; una puerta hacia el norte, y otra puerta hacia el mediodía: y la anchura del espacio que quedaba era de cinco codos por todo alrededor.	
Ezequiel	41	12	orthographic	Y el edificio que estaba delante del espacio abierto al lado del occidente era de setenta codos; y la pared del edificio, de cinco codos de grueso alrededor, y noventa codos de largo.	Y el edificio que estaba delante del apartamiento al lado de hacia el occidente era de setenta codos; y la pared del edificio, de cinco codos de anchura alrededor, y noventa codos de largo.	
Ezequiel	41	13	SUBSTANTIVE	Luego midió la casa, cien codos de largo; y el espacio abierto y el edificio y sus paredes, de cien codos de longitud.	Y midió la casa, cien codos de largo: y el apartamiento, y el edificio, y sus paredes, de longitud de cien codos;	
Ezequiel	41	14	SUBSTANTIVE	Y el ancho del frente de la casa y del espacio abierto al oriente era de cien codos.	Y la anchura de la delantera de la casa, y del apartamiento al oriente, de cien codos.	
Ezequiel	41	15	orthographic	Y midió la longitud del edificio que estaba delante del espacio abierto que había detrás de él, y las cámaras de uno y otro lado, cien codos; y el templo de dentro, y los portales del atrio.	Y midió la longitud del edificio que estaba delante del apartamiento que había detrás de él, y las cámaras de una parte y otra, cien codos; y el templo de dentro, y los portales del atrio.	
Ezequiel	41	16	SUBSTANTIVE	Los umbrales y las ventanas estrechas y las cámaras alrededor de los tres pisos estaba todo cubierto de madera desde el suelo hasta las ventanas; y las ventanas también cubiertas.	Los umbrales, y las ventanas estrechas, y las cámaras, tres en derredor á la parte delantera, todo cubierto de madera alrededor desde el suelo hasta las ventanas; y las ventanas también cubiertas.	
Ezequiel	41	17	SUBSTANTIVE	Por encima de la puerta, y hasta la casa de adentro, y afuera de ella, y por toda la pared en derredor por dentro y por fuera, tomó medidas.	Encima de sobre la puerta, y hasta la casa de dentro, y de fuera, y por toda la pared en derredor de dentro y por de fuera, tomó medidas.	
Ezequiel	41	18	orthographic	Y estaba labrada con querubines y palmeras, entre querubín y querubín una palmera; y cada querubín tenía dos rostros;	Y estaba labrada con querubines y palmas: entre querubín y querubín una palma: y cada querubín tenía dos rostros:	
Ezequiel	41	19	SUBSTANTIVE	un rostro de hombre hacia la palmera del un lado, y un rostro de león hacia la palmera del otro lado, por toda la casa alrededor.	Un rostro de hombre hacia la palma de la una parte, y rostro de león hacia la palma de la otra parte, por toda la casa alrededor.	
Ezequiel	41	20	SUBSTANTIVE	Desde el suelo hasta encima de la puerta había querubines labrados y palmeras, por toda la pared del templo.	Desde el suelo hasta encima de la puerta había labrados querubines y palmas, y por toda la pared del templo.	
Ezequiel	41	21	SUBSTANTIVE	Cada poste del templo era cuadrado, y el frente del santuario era como el otro frente.	Cada poste del templo era cuadrado, y la delantera del santuario era como la otra delantera.	
Ezequiel	41	22	orthographic	La altura del altar de madera era de tres codos, y su longitud de dos codos; y sus esquinas, su superficie y sus paredes eran de madera. Y me dijo: Esta es la mesa que está delante de Jehová.	La altura del altar de madera era de tres codos, y su longitud de dos codos; y sus esquinas, y su superficie, y sus paredes, eran de madera. Y díjome: Esta es la mesa que está delante de Jehová.	
Ezequiel	41	23	orthographic	El templo y el santuario tenían dos puertas.	Y el templo y el santuario tenían dos portadas.	
Ezequiel	41	24	SUBSTANTIVE	Y en cada puerta había dos hojas, dos hojas que giraban; dos hojas en una puerta, y otras dos en la otra.	Y en cada portada había dos puertas, dos puertas que se volvían: dos puertas en la una portada, y otras dos en la otra.	
Ezequiel	41	25	SUBSTANTIVE	En las puertas del templo había labrados de querubines y palmeras, así como los que había en las paredes; y en la fachada del atrio al exterior había un portal de madera.	Y en las puertas del templo había labrados de querubines y palmas, así como estaban hechos en las paredes, y grueso madero sobre la delantera de la entrada por de fuera.	
Ezequiel	41	26	SUBSTANTIVE	Y había ventanas estrechas, y palmeras de uno y otro lado a los lados del pórtico; así eran las cámaras de la casa y los umbrales.	Y había ventanas estrechas, y palmas de una y otra parte por los lados de la entrada, y de la casa, y por las vigas.	
Ezequiel	42	1	SUBSTANTIVE	Me trajo luego al atrio exterior hacia el norte, y me llevó a la cámara que estaba delante del espacio abierto que quedaba enfrente del edificio, hacia el norte.	SACÓME luego al atrio de afuera hacia el norte, y llevóme á la cámara que estaba delante del espacio que quedaba enfrente del edificio de hacia el norte.	
Ezequiel	42	2	orthographic	Por delante de la puerta del norte su longitud era de cien codos, y el ancho de cincuenta codos.	Por delante de la puerta del norte su longitud era de cien codos, y la anchura de cincuenta codos.	
Ezequiel	42	3	orthographic	Frente a los veinte codos que había en el atrio interior, y enfrente del enlosado que había en el atrio exterior, estaban las cámaras, las unas enfrente de las otras en tres pisos.	Frente á los veinte codos que había en el atrio de adentro, y enfrente del solado que había en al atrio exterior, estaban las cámaras, las unas enfrente de las otras en tres pisos.	
Ezequiel	42	4	SUBSTANTIVE	Y delante de las cámaras había un corredor de diez codos de ancho hacia adentro, con una vía de un codo; y sus puertas daban al norte.	Y delante de las cámaras había un corredor de diez codos de ancho á la parte de adentro, con viaje de un codo; y sus puertas hacia el norte.	
Ezequiel	42	6	orthographic	Porque estaban en tres pisos, y no tenían columnas como las columnas de los atrios; por tanto, eran más estrechas que las de abajo y las de en medio, desde el suelo.	Porque estaban en tres pisos, y no tenían columnas como las columnas de los atrios: por tanto, eran más estrechas que las de abajo y las del medio desde el suelo.	
Ezequiel	42	9	orthographic	Y debajo de las cámaras estaba la entrada al lado oriental, para entrar en él desde el atrio exterior.	Y debajo de las cámaras estaba la entrada al lado oriental, para entrar en él desde el atrio de afuera.	
Ezequiel	42	10	orthographic	A lo largo del muro del atrio, hacia el oriente, enfrente del espacio abierto, y delante del edificio, había cámaras.	A lo largo del muro del atrio hacia el oriente, enfrente de la lonja, y delante del edificio, había cámaras.	
Ezequiel	42	11	orthographic	Y el corredor que había delante de ellas era semejante al de las cámaras que estaban hacia el norte; tanto su longitud como su ancho eran lo mismo, y todas sus salidas, conforme a sus puertas y conforme a sus entradas.	Y el corredor que había delante de ellas era semejante al de las cámaras que estaban hacia el norte, conforme á su longitud, asimismo su anchura, y todas sus salidas; conforme á sus puertas, y conforme á sus entradas.	
Ezequiel	42	12	SUBSTANTIVE	Así también eran las puertas de las cámaras que estaban hacia el sur; había una puerta al comienzo del corredor que había enfrente del muro al lado oriental, para quien entraba en las cámaras.	Y conforme á las puertas de las cámaras que estaban hacia el mediodía, tenía una puerta al principio del camino, del camino delante del muro hacia el oriente á los que entran.	
Ezequiel	42	13	SUBSTANTIVE	Y me dijo: Las cámaras del norte y las del sur, que están delante del espacio abierto, son cámaras santas en las cuales los sacerdotes que se acercan a Jehová comerán las santas ofrendas; allí pondrán las ofrendas santas, la ofrenda y la expiación y el sacrifico por el pecado, porque el lugar es santo.	Y díjome: Las cámaras del norte y las del mediodía, que están delante de la lonja, son cámaras santas, en las cuales los sacerdotes que se acercan á Jehová comerán las santas ofrendas: allí pondrán las ofrendas santas, y el presente, y la expiación, y el sacrificio por el pecado: porque el lugar es santo.	
Ezequiel	42	14	orthographic	Cuando los sacerdotes entren, no saldrán del lugar santo al atrio exterior, sino que allí dejarán sus vestiduras con que ministran, porque son santas; y se vestirán otros vestidos, y así se acercarán a lo que es del pueblo.	Cuando los sacerdotes entraren, no saldrán del lugar santo al atrio de afuera, sino que allí dejarán sus vestimentas con que ministrarán, porque son santas; y vestiránse otros vestidos, y así se allegarán á lo que es del pueblo.	
Ezequiel	42	15	orthographic	Y luego que acabó las medidas de la casa de adentro, me sacó por el camino de la puerta que miraba hacia el oriente, y lo midió todo alrededor.	Y luego que acabó las medidas de la casa de adentro, sacóme por el camino de la puerta que miraba hacia el oriente, y midiólo todo alrededor.	
Ezequiel	42	16	orthographic	Midió el lado oriental con la caña de medir, quinientas cañas de la caña de medir alrededor.	Midió el lado oriental con la caña de medir, quinientas cañas de la caña de medir en derredor.	
Ezequiel	42	18	SUBSTANTIVE	Midió al lado del sur, quinientas cañas de la caña de medir.	Midió al lado del mediodía, quinientas cañas de la caña de medir.	
Ezequiel	42	20	orthographic	A los cuatro lados lo midió; tenía un muro todo alrededor, de quinientas cañas de longitud y quinientas cañas de ancho, para hacer separación entre el santuario y el lugar profano.	A los cuatro lados lo midió; tuvo el muro todo alrededor quinientas cañas de longitud, y quinientas cañas de anchura, para hacer separación entre el santuario y el lugar profano.	
Ezequiel	43	1	orthographic	Me llevó luego a la puerta, a la puerta que mira hacia el oriente;	LLEVÓME luego á la puerta, á la puerta que mira hacia el oriente;	
Ezequiel	43	2	orthographic	y he aquí la gloria del Dios de Israel, que venía del oriente; y su sonido era como el sonido de muchas aguas, y la tierra resplandecía a causa de su gloria.	Y he aquí la gloria del Dios de Israel, que venía de hacia el oriente; y su sonido era como el sonido de muchas aguas, y la tierra resplandecía á causa de su gloria.	
Ezequiel	43	3	SUBSTANTIVE	Y el aspecto de lo que vi era como una visión, como aquella visión que vi cuando vine para destruir la ciudad; y las visiones eran como la visión que vi junto al río Quebar; y me postré sobre mi rostro.	Y la visión que vi era como la visión, como aquella visión que vi cuando vine para destruir la ciudad: y las visiones eran como la visión que vi junto al río de Chebar; y caí sobre mi rostro.	
Ezequiel	43	4	orthographic	Y la gloria de Jehová entró en la casa por la vía de la puerta que daba al oriente.	Y la gloria de Jehová entró en la casa por la vía de la puerta que daba cara al oriente.	
Ezequiel	43	5	SUBSTANTIVE	Y me alzó el Espíritu y me llevó al atrio interior; y he aquí que la gloria de Jehová llenó la casa.	Y alzóme el espíritu, y metióme en el atrio de adentro; y he aquí que la gloria de Jehová hinchió la casa.	
Ezequiel	43	7	SUBSTANTIVE	y me dijo: Hijo de hombre, este es el lugar de mi trono, el lugar donde posaré las plantas de mis pies, en el cual habitaré entre los hijos de Israel para siempre; y nunca más profanará la casa de Israel mi santo nombre, ni ellos ni sus reyes, con sus fornicaciones, ni con los cuerpos muertos de sus reyes en sus lugares altos.	Y díjome: Hijo del hombre, este es el lugar de mi asiento, y el lugar de las plantas de mis pies, en el cual habitaré entre los hijos de Israel para siempre: y nunca más contaminará la casa de Israel mi santo nombre, ni ellos ni sus reyes, con sus fornicaciones, y con los cuerpos muertos de sus reyes en sus altares:	
Ezequiel	43	8	SUBSTANTIVE	Porque poniendo ellos su umbral junto a mi umbral, y su contrafuerte junto a mi contrafuerte, mediando sólo una pared entre mí y ellos, han contaminado mi santo nombre con sus abominaciones que hicieron; por tanto, los consumí en mi furor.	Y poniendo ellos su umbral junto á mi umbral, y su poste junto á mi poste, y no más que pared entre mí y ellos, contaminaron mi santo nombre con sus abominaciones que hicieron: consumílos por tanto en mi furor.	
Ezequiel	43	9	orthographic	Ahora arrojarán lejos de mí sus fornicaciones, y los cuerpos muertos de sus reyes, y habitaré en medio de ellos para siempre.	Ahora echarán lejos de mí su fornicación, y los cuerpos muertos de sus reyes, y habitaré en medio de ellos para siempre.	
Ezequiel	43	10	orthographic	Tú, hijo de hombre, muestra a la casa de Israel esta casa, y avergüéncense de sus pecados; y midan el diseño de ella.	Tú, hijo del hombre, muestra á la casa de Israel esta casa, y avergüéncense de sus pecados, y midan la traza de ella.	
Ezequiel	43	11	SUBSTANTIVE	Y si se avergonzaren de todo lo que han hecho, hazles entender el diseño de la casa, su disposición, sus salidas y sus entradas, y todas sus formas, y todas sus descripciones, y todas sus configuraciones, y todas sus leyes; y descríbelo delante de sus ojos, para que guarden toda su forma y todas sus reglas, y las pongan por obra.	Y si se avergonzaren de todo lo que han hecho, hazles entender la figura de la casa, y su traza, y sus salidas y sus entradas, y todas sus formas, y todas sus descripciones, y todas sus configuraciones, y todas sus leyes: y descríbelo delante de sus ojos, para que guarden toda su forma, y todas sus reglas, y las pongan por obra.	
Ezequiel	43	12	SUBSTANTIVE	Esta es la ley de la casa: Sobre la cumbre del monte, el recinto entero, todo en derredor, será santísimo. He aquí que esta es la ley de la casa.	Esta es la ley de la casa: Sobre la cumbre del monte, todo su término alrededor será santísimo. He aquí que esta es la ley de la casa.	
Ezequiel	43	13	orthographic	Estas son las medidas del altar por codos (el codo de a codo y palmo menor). La base, de un codo, y de un codo el ancho; y su remate por su borde alrededor, de un palmo. Este será el zócalo del altar.	Y estas son las medidas del altar por codos (el codo de á codo y palmo). El seno, de un codo, y de un codo el ancho; y su remate por su borde alrededor, de un palmo. Este será el fondo alto del altar.	
Ezequiel	43	14	SUBSTANTIVE	Y desde la base, sobre el suelo, hasta el lugar de abajo, dos codos, y la anchura de un codo; y desde la cornisa menor hasta la cornisa mayor, cuatro codos, y el ancho de un codo.	Y desde el seno de sobre el suelo hasta el lugar de abajo, dos codos, y la anchura de un codo: y desde el lugar menor hasta el lugar mayor, cuatro codos, y la anchura de un codo.	
Ezequiel	43	15	orthographic	El altar era de cuatro codos, y encima del altar había cuatro cuernos.	Y el altar, de cuatro codos, y encima del altar, cuatro cuernos.	
Ezequiel	43	17	orthographic	El descanso era de catorce codos de longitud y catorce de anchura en sus cuatro lados, y de medio codo el borde alrededor; y la base de un codo por todos lados; y sus gradas estaban al oriente.	Y el área, de catorce codos de longitud, y catorce de anchura en sus cuatro lados, y de medio codo el borde alrededor: y el seno de un codo por todos lados; y sus gradas estaban al oriente.	
Ezequiel	43	18	SUBSTANTIVE	Y me dijo: Hijo de hombre, así ha dicho Jehová el Señor: Estas son las ordenanzas del altar el día en que sea hecho, para ofrecer holocausto sobre él y para esparcir sobre él sangre.	Y díjome: Hijo del hombre, así ha dicho el Señor Jehová: Estas son las ordenanzas del altar el día en que será hecho, para ofrecer sobre él holocausto, y para esparcir sobre él sangre.	
Ezequiel	43	19	SUBSTANTIVE	A los sacerdotes levitas que son del linaje de Sadoc, que se acerquen a mí, dice Jehová el Señor, para ministrar ante mí, darás un becerro de la vacada para expiación.	Darás á los sacerdotes Levitas que son del linaje de Sadoc, que se allegan á mí, dice el Señor Jehová, para ministrarme, un becerro de la vacada para expiación.	
Ezequiel	43	20	orthographic	Y tomarás de su sangre, y pondrás en los cuatro cuernos del altar, y en las cuatro esquinas del descanso, y en el borde alrededor; así lo limpiarás y purificarás.	Y tomarás de su sangre, y pondrás en los cuatro cuernos del altar, y en las cuatro esquinas del área, y en el borde alrededor: así lo limpiarás y purificarás.	
Ezequiel	43	22	orthographic	Al segundo día ofrecerás un macho cabrío sin defecto, para expiación; y purificarán el altar como lo purificaron con el becerro.	Y al segundo día ofrecerás un macho de cabrío sin defecto, para expiación; y purificarán el altar como lo purificaron con el becerro.	
Ezequiel	43	23	orthographic	Cuando acabes de expiar, ofrecerás un becerro de la vacada sin defecto, y un carnero sin tacha de la manada;	Cuando acabares de expiar, ofrecerás un becerro de la vacada sin defecto, y un carnero sin tacha de la manada:	
Ezequiel	43	26	SUBSTANTIVE	Por siete días harán expiación por el altar, y lo limpiarán, y así lo consagrarán.	Por siete días expiarán el altar, y lo limpiarán, y ellos henchirán sus manos.	
Ezequiel	43	27	SUBSTANTIVE	Y acabados estos días, del octavo día en adelante, los sacerdotes sacrificarán sobre el altar vuestros holocaustos y vuestras ofrendas de paz; y me seréis aceptos, dice Jehová el Señor.	Y acabados estos días, al octavo día, y en adelante, sacrificarán los sacerdotes sobre el altar vuestros holocaustos y vuestros pacíficos; y me seréis aceptos, dice el Señor Jehová.	
Ezequiel	44	1	SUBSTANTIVE	Me hizo volver hacia la puerta exterior del santuario, la cual mira hacia el oriente; y estaba cerrada.	Y TORNÓME hacia la puerta de afuera del santuario, la cual mira hacia el oriente; y estaba cerrada.	
Ezequiel	44	2	orthographic	Y me dijo Jehová: Esta puerta estará cerrada; no se abrirá, ni entrará por ella hombre, porque Jehová Dios de Israel entró por ella; estará, por tanto, cerrada.	Y díjome Jehová: Esta puerta ha de estar cerrada: no se abrirá, ni entrará por ella hombre, porque Jehová Dios de Israel entró por ella; estará por tanto cerrada.	
Ezequiel	44	3	SUBSTANTIVE	En cuanto al príncipe, por ser el príncipe, él se sentará allí para comer pan delante de Jehová; por el vestíbulo de la puerta entrará, y por ese mismo camino saldrá.	Para el príncipe; el príncipe, él se sentará en ella para comer pan delante de Jehová: por el camino de la entrada de la puerta entrará, y por el camino de ella saldrá.	
Ezequiel	44	4	orthographic	Y me llevó hacia la puerta del norte por delante de la casa; y miré, y he aquí la gloria de Jehová había llenado la casa de Jehová; y me postré sobre mi rostro.	Y llevóme hacia la puerta del norte por delante de la casa, y miré, y he aquí, la gloria de Jehová había henchido la casa de Jehová: y caí sobre mi rostro.	
Ezequiel	44	5	SUBSTANTIVE	Y me dijo Jehová: Hijo de hombre, pon atención, y mira con tus ojos, y oye con tus oídos todo lo que yo hablo contigo sobre todas las ordenanzas de la casa de Jehová, y todas sus leyes; y pon atención a las entradas de la casa, y a todas las salidas del santuario.	Y díjome Jehová: Hijo del hombre, pon tu corazón, y mira con tus ojos, y oye con tus oídos todo lo que yo hablo contigo sobre todas las ordenanzas de la casa de Jehová, y todas sus leyes: y pon tu corazón á las entradas de la casa, y á todas las salidas del santuario.	
Ezequiel	44	6	orthographic	Y dirás a los rebeldes, a la casa de Israel: Así ha dicho Jehová el Señor: Basta ya de todas vuestras abominaciones, oh casa de Israel;	Y dirás á los rebeldes, á la casa de Israel: Así ha dicho el Señor Jehová: Básteos de todas vuestras abominaciones, oh casa de Israel;	
Ezequiel	44	7	SUBSTANTIVE	de traer extranjeros, incircuncisos de corazón e incircuncisos de carne, para estar en mi santuario y para contaminar mi casa; de ofrecer mi pan, la grosura y la sangre, y de invalidar mi pacto con todas vuestras abominaciones.	De haber vosotros traído extranjeros, incircuncisos de corazón é incircuncisos de carne, para estar en mi santuario, para contaminar mi casa; de haber ofrecido mi pan, la grosura y la sangre: é invalidaron mi pacto por todas vuestras abominaciones:	
Ezequiel	44	8	SUBSTANTIVE	Pues no habéis guardado lo establecido acerca de mis cosas santas, sino que habéis puesto extranjeros como guardas de las ordenanzas en mi santuario.	Y no guardasteis el ordenamiento de mis santificaciones, sino que os pusisteis guardas de mi ordenanza en mi santuario.	
Ezequiel	44	9	orthographic	Así ha dicho Jehová el Señor: Ningún hijo de extranjero, incircunciso de corazón e incircunciso de carne, entrará en mi santuario, de todos los hijos de extranjeros que están entre los hijos de Israel.	Así ha dicho el Señor Jehová: Ningún hijo de extranjero, incircunciso de corazón é incircunciso de carne, entrará en mi santuario, de todos los hijos de extranjeros que están entre los hijos de Israel.	
Ezequiel	44	10	SUBSTANTIVE	Y los levitas que se apartaron de mí cuando Israel se alejó de mí, yéndose tras sus ídolos, llevarán su iniquidad.	Y los Levitas que se apartaron lejos de mí cuando Israel erró, el cual se desvió de mí en pos de sus ídolos, llevarán su iniquidad.	
Ezequiel	44	11	SUBSTANTIVE	Y servirán en mi santuario como porteros a las puertas de la casa y sirvientes en la casa; ellos matarán el holocausto y la víctima para el pueblo, y estarán ante él para servirle.	Y serán ministros en mi santuario, porteros á las puertas de la casa, y sirvientes en la casa: ellos matarán el holocausto y la víctima al pueblo, y ellos estarán delante de ellos para servirles.	
Ezequiel	44	12	orthographic	Por cuanto les sirvieron delante de sus ídolos, y fueron a la casa de Israel por tropezadero de maldad; por tanto, he alzado mi mano y jurado, dice Jehová el Señor, que ellos llevarán su iniquidad.	Por cuanto les sirvieron delante de sus ídolos, y fueron á la casa de Israel por tropezadero de maldad; por tanto, he alzado mi mano acerca de ellos, dice el Señor Jehová, que llevarán su iniquidad.	
Ezequiel	44	13	SUBSTANTIVE	No se acercarán a mí para servirme como sacerdotes, ni se acercarán a ninguna de mis cosas santas, a mis cosas santísimas, sino que llevarán su vergüenza y las abominaciones que hicieron.	No serán allegados á mí para serme sacerdotes, ni se llegarán á ninguna de mis santificaciones, á las santidades de santidades; sino que llevarán su vergüenza, y sus abominaciones que hicieron.	
Ezequiel	44	14	SUBSTANTIVE	Les pondré, pues, por guardas encargados de la custodia de la casa, para todo el servicio de ella, y para todo lo que en ella haya de hacerse.	Pondrélos, pues, por guardas de la guarda de la casa en todo su servicio, y en todo lo que en ella hubiere de hacerse.	
Ezequiel	44	15	SUBSTANTIVE	Mas los sacerdotes levitas hijos de Sadoc, que guardaron el ordenamiento del santuario cuando los hijos de Israel se apartaron de mí, ellos se acercarán para ministrar ante mí, y delante de mí estarán para ofrecerme la grosura y la sangre, dice Jehová el Señor.	Mas los sacerdotes Levitas, hijos de Sadoc, que guardaron el ordenamiento de mi santuario, cuando los hijos de Israel se desviaron de mí, ellos serán allegados á mí para ministrarme, y delante de mí estarán para ofrecerme la grosura y la sangre, dice el Señor Jehová.	
Ezequiel	44	16	SUBSTANTIVE	Ellos entrarán en mi santuario, y se acercarán a mi mesa para servirme, y guardarán mis ordenanzas.	Esos entrarán en mi santuario, y ellos se allegarán á mi mesa para ministrarme, y guardarán mi ordenamiento.	
Ezequiel	44	17	SUBSTANTIVE	Y cuando entren por las puertas del atrio interior, se vestirán vestiduras de lino; no llevarán sobre ellos cosa de lana, cuando ministren en las puertas del atrio interior y dentro de la casa.	Y será que cuando entraren por las puertas del atrio interior, se vestirán de vestimentas de lino: no asentará sobre ellos lana, cuando ministraren en las puertas del atrio de adentro, y en el interior.	
Ezequiel	44	18	SUBSTANTIVE	Turbantes de lino tendrán sobre sus cabezas, y calzoncillos de lino sobre sus lomos; no se ceñirán cosa que los haga sudar.	Tiaras de lino tendrán en sus cabezas, y pañetes de lino en sus lomos: no se ceñirán para sudar.	
Ezequiel	44	19	SUBSTANTIVE	Cuando salgan al atrio exterior, al atrio de afuera, al pueblo, se quitarán las vestiduras con que ministraron, y las dejarán en las cámaras del santuario, y se vestirán de otros vestidos, para no santificar al pueblo con sus vestiduras.	Y cuando salieren al atrio de afuera, al atrio de afuera al pueblo, se desnudarán de sus vestimentas con que ministraron, y las dejarán en las cámaras del santuario, y se vestirán de otros vestidos: así no santificarán el pueblo con sus vestimentas.	
Ezequiel	44	20	SUBSTANTIVE	Y no se raparán su cabeza, ni dejarán crecer su cabello, sino que lo recortarán solamente.	Y no raparán su cabeza, ni dejarán crecer el cabello; sino que lo recortarán trasquilando sus cabezas.	
Ezequiel	44	21	orthographic	Ninguno de los sacerdotes beberá vino cuando haya de entrar en el atrio interior.	Y ninguno de los sacerdotes beberá vino cuando hubieren de entrar en el atrio interior.	
Ezequiel	44	22	orthographic	Ni viuda ni repudiada tomará por mujer, sino que tomará virgen del linaje de la casa de Israel, o viuda que fuere viuda de sacerdote.	Ni viuda, ni repudiada se tomarán por mujeres; sino que tomarán vírgenes del linaje de la casa de Israel, ó viuda que fuere viuda de sacerdote.	
Ezequiel	44	24	SUBSTANTIVE	En los casos de pleito ellos estarán para juzgar; conforme a mis juicios juzgarán; y mis leyes y mis decretos guardarán en todas mis fiestas solemnes, y santificarán mis días de reposo.[a]	Y en el pleito ellos estarán para juzgar; conforme á mis derechos lo juzgarán: y mis leyes y mis decretos guardarán en todas mis solemnidades, y santificarán mis sábados.	
Ezequiel	44	25	SUBSTANTIVE	No se acercarán a hombre muerto para contaminarse; pero por padre o madre, hijo o hija, hermano, o hermana que no haya tenido marido, sí podrán contaminarse.	Y á hombre muerto no entrará para contaminarse; mas sobre padre, ó madre, ó hijo, ó hija, hermano, ó hermana que no haya tenido marido, se contaminará.	
Ezequiel	44	27	SUBSTANTIVE	Y el día que entre al santuario, al atrio interior, para ministrar en el santuario, ofrecerá su expiación, dice Jehová el Señor.	Y el día que entrare al santuario, al atrio de adentro, para ministrar en el santuario, ofrecerá su expiación, dice el Señor Jehová.	
Ezequiel	44	28	orthographic	Y habrá para ellos heredad; yo seré su heredad, pero no les daréis posesión en Israel; yo soy su posesión.	Y será á ellos por heredad: yo seré su heredad; y no les daréis posesión en Israel: yo soy su posesión.	
Ezequiel	44	29	SUBSTANTIVE	La ofrenda y la expiación y el sacrificio por el pecado comerán, y toda cosa consagrada en Israel será de ellos.	El presente, y la expiación, y el sacrificio por el pecado, comerán; y toda cosa dedicada en Israel, será de ellos.	
Ezequiel	44	30	SUBSTANTIVE	Y las primicias de todos los primeros frutos de todo, y toda ofrenda de todo lo que se presente de todas vuestras ofrendas, será de los sacerdotes; asimismo daréis al sacerdote las primicias de todas vuestras masas, para que repose la bendición en vuestras casas.	Y las primicias de todos los primeros de todo, y toda ofrenda de todo lo que se ofreciere de todas vuestras ofrendas, será de los sacerdotes: daréis asimismo las primicias de todas vuestras masas al sacerdote, para que haga reposar la bendición en vuestras casas.	
Ezequiel	45	1	orthographic	Cuando repartáis por suertes la tierra en heredad, apartaréis una porción para Jehová, que le consagraréis en la tierra, de longitud de veinticinco mil cañas y diez mil de ancho; esto será santificado en todo su territorio alrededor.	Y CUANDO partiereis por suertes la tierra en heredad, apartaréis una suerte para Jehová que le consagréis en la tierra, de longitud de veinticinco mil cañas y diez mil de ancho: esto será santificado en todo su término alrededor.	
Ezequiel	45	2	orthographic	De esto será para el santuario quinientas cañas de longitud y quinientas de ancho, en cuadro alrededor; y cincuenta codos en derredor para sus ejidos.	De esto serán para el santuario quinientas de longitud, y quinientas de ancho, en cuadro alrededor; y cincuenta codos en derredor para sus ejidos.	
Ezequiel	45	3	SUBSTANTIVE	Y de esta medida medirás en longitud veinticinco mil cañas, y en ancho diez mil, en lo cual estará el santuario y el lugar santísimo.	Y de esta medida medirás en longitud veinticinco mil cañas, y en anchura diez mil, en lo cual estará el santuario, el santuario de santuarios.	
Ezequiel	45	4	SUBSTANTIVE	Lo consagrado de esta tierra será para los sacerdotes, ministros del santuario, que se acercan para ministrar a Jehová; y servirá de lugar para sus casas, y como recinto sagrado para el santuario.	Lo consagrado de esta tierra será para los sacerdotes ministros del santuario, que se llegan para ministrar á Jehová: y seráles lugar para casas, y lugar santo para el santuario.	
Ezequiel	45	5	orthographic	Asimismo veinticinco mil cañas de longitud y diez mil de ancho, lo cual será para los levitas ministros de la casa, como posesión para sí, con veinte cámaras.	Asimismo veinticinco mil de longitud, y diez mil de anchura, lo cual será para los Levitas ministros de la casa, en posesión, con veinte cámaras.	
Ezequiel	45	6	orthographic	Para propiedad de la ciudad señalaréis cinco mil de anchura y veinticinco mil de longitud, delante de lo que se apartó para el santuario; será para toda la casa de Israel.	Y para la posesión de la ciudad daréis cinco mil de anchura y veinticinco mil de longitud, delante de lo que se apartó para el santuario: será para toda la casa de Israel.	
Ezequiel	45	7	SUBSTANTIVE	Y la parte del príncipe estará junto a lo que se apartó para el santuario, de uno y otro lado, y junto a la posesión de la ciudad, delante de lo que se apartó para el santuario, y delante de la posesión de la ciudad, desde el extremo occidental hasta el extremo oriental, y la longitud será desde el límite occidental hasta el límite oriental.	Y la parte del príncipe será junto al apartamiento del santuario, de la una parte y de la otra, y junto á la posesión de la ciudad, delante del apartamiento del santuario, y delante de la posesión de la ciudad, desde el rincón occidental hacia el occidente, hasta el rincón oriental hacia el oriente: y la longitud será de la una parte á la otra, desde el rincón del occidente hasta el rincón del oriente.	
Ezequiel	45	8	orthographic	Esta tierra tendrá por posesión en Israel, y nunca más mis príncipes oprimirán a mi pueblo; y darán la tierra a la casa de Israel conforme a sus tribus.	Esta tierra tendrá por posesión en Israel, y nunca más mis príncipes oprimirán á mi pueblo: y darán la tierra á la casa de Israel por sus tribus.	
Ezequiel	45	9	orthographic	Así ha dicho Jehová el Señor: !Basta ya, oh príncipes de Israel! Dejad la violencia y la rapiña. Haced juicio y justicia; quitad vuestras imposiciones de sobre mi pueblo, dice Jehová el Señor.	Así ha dicho el Señor Jehová: Básteos, oh príncipes de Israel: dejad la violencia y la rapiña: haced juicio y justicia; quitad vuestras imposiciones de sobre mi pueblo, dice el Señor Jehová.	
Ezequiel	45	10	SUBSTANTIVE	Balanzas justas, efa justo, y bato justo tendréis.	Peso de justicia, y epha de justicia, y bato de justicia, tendréis.	
Ezequiel	45	11	orthographic	El efa y el bato serán de una misma medida: que el bato tenga la décima parte del homer, y la décima parte del homer el efa; la medida de ellos será según el homer.	El epha y el bato serán de una misma medida: que el bato tenga la décima parte del homer, y la décima parte del homer el epha: la medida de ellos será según el homer.	
Ezequiel	45	12	orthographic	Y el siclo será de veinte geras. Veinte siclos, veinticinco siclos, quince siclos, os serán una mina.	Y el siclo será de veinte geras: veinte siclos, con veinticinco siclos, y quince siclos, os serán una mina.	
Ezequiel	45	13	orthographic	Esta será la ofrenda que ofreceréis: la sexta parte de un efa por cada homer del trigo, y la sexta parte de un efa por cada homer de la cebada.	Esta será la ofrenda que ofreceréis: la sexta parte de un epha de homer del trigo, y la sexta parte de un epha de homer de la cebada.	
Ezequiel	45	14	orthographic	La ordenanza para el aceite será que ofreceréis un bato de aceite, que es la décima parte de un coro; diez batos harán un homer; porque diez batos son un homer.	Y la ordenanza del aceite será que ofreceréis un bato de aceite, que es la décima parte de un coro: diez batos harán un homer; porque diez batos son un homer.	
Ezequiel	45	15	SUBSTANTIVE	Y una cordera del rebaño de doscientas, de las engordadas de Israel, para sacrificio, y para holocausto y para ofrendas de paz, para expiación por ellos, dice Jehová el Señor.	Y una cordera de la manada de doscientas, de las gruesas de Israel, para sacrificio, y para holocausto y para pacíficos, para expiación por ellos, dice el Señor Jehová.	
Ezequiel	45	16	orthographic	Todo el pueblo de la tierra estará obligado a dar esta ofrenda para el príncipe de Israel.	Todo el pueblo de la tierra será obligado á esta ofrenda para el príncipe de Israel.	
Ezequiel	45	17	SUBSTANTIVE	Mas al príncipe corresponderá el dar el holocausto y el sacrificio y la libación en las fiestas solemnes, en las lunas nuevas, en los días de reposo[a] y en todas las fiestas de la casa de Israel; él dispondrá la expiación, la ofrenda, el holocausto y las ofrendas de paz, para hacer expiación por la casa de Israel.	Mas del príncipe será el dar el holocausto, y el sacrificio, y la libación, en las solemnidades, y en las lunas nuevas, y en los sábados, y en todas las fiestas de la casa de Israel: él dispondrá la expiación, y el presente, y el holocausto, y los pacíficos, para expiar la casa de Israel.	
Ezequiel	45	18	SUBSTANTIVE	Así ha dicho Jehová el Señor: El mes primero, el día primero del mes, tomarás de la vacada un becerro sin defecto, y purificarás el santuario.	Así ha dicho el Señor Jehová: El mes primero, al primero del mes, tomarás un becerro sin defecto de la vacada, y expiarás el santuario.	
Ezequiel	45	19	orthographic	Y el sacerdote tomará de la sangre de la expiación, y pondrá sobre los postes de la casa, y sobre los cuatro ángulos del descanso del altar, y sobre los postes de las puertas del atrio interior.	Y el sacerdote tomará de la sangre de la expiación, y pondrá sobre los postes de la casa, y sobre los cuatro ángulos del área del altar, y sobre los postes de las puertas del atrio de adentro.	
Ezequiel	45	20	SUBSTANTIVE	Así harás el séptimo día del mes para los que pecaron por error y por engaño, y harás expiación por la casa.	Así harás el séptimo del mes por los errados y engañados; y expiarás la casa.	
Ezequiel	45	21	orthographic	El mes primero, a los catorce días del mes, tendréis la pascua, fiesta de siete días; se comerá pan sin levadura.	El mes primero, á los catorce días del mes, tendréis la pascua, fiesta de siete días: comeráse pan sin levadura.	
Ezequiel	45	22	orthographic	Aquel día el príncipe sacrificará por sí mismo y por todo el pueblo de la tierra, un becerro por el pecado.	Y aquel día el príncipe sacrificará por sí, y por todo el pueblo de la tierra, un becerro por el pecado.	
Ezequiel	45	23	orthographic	Y en los siete días de la fiesta solemne ofrecerá holocausto a Jehová, siete becerros y siete carneros sin defecto, cada día de los siete días; y por el pecado un macho cabrío cada día.	Y en los siete días de la solemnidad hará holocausto á Jehová, siete becerros y siete carneros sin defecto, cada día de los siete días; y por el pecado un macho cabrío cada día.	
Ezequiel	45	24	SUBSTANTIVE	Y con cada becerro ofrecerá ofrenda de un efa, y con cada carnero un efa; y por cada efa un hin de aceite.	Y con cada becerro ofrecerá presente de un epha, y con cada carnero un epha; y por cada epha un hin de aceite.	
Ezequiel	45	25	orthographic	En el mes séptimo, a los quince días del mes, en la fiesta, hará como en estos siete días en cuanto a la expiación, en cuanto al holocausto, en cuanto al presente y en cuanto al aceite.	En el mes séptimo, á los quince del mes, en la fiesta, hará como en estos siete días, cuanto á la expiación, y cuanto al holocausto, y cuanto al presente, y cuanto al aceite.	
Ezequiel	46	1	SUBSTANTIVE	Así ha dicho Jehová el Señor: La puerta del atrio interior que mira al oriente estará cerrada los seis días de trabajo, y el día de reposo se abrirá; se abrirá también el día de la luna nueva.	ASÍ ha dicho el Señor Jehová: La puerta del atrio de adentro que mira al oriente, estará cerrada los seis días de trabajo, y el día del sábado se abrirá: abriráse también el día de la nueva luna.	
Ezequiel	46	2	SUBSTANTIVE	Y el príncipe entrará por el camino del portal de la puerta exterior, y estará en pie junto al umbral de la puerta mientras los sacerdotes ofrezcan su holocausto y sus ofrendas de paz, y adorará junto a la entrada de la puerta; después saldrá; pero no se cerrará la puerta hasta la tarde.	Y el príncipe entrará por el camino del portal de la puerta de afuera, y estará al umbral de la puerta, mientras los sacerdotes harán su holocausto y sus pacíficos, y adorará á la entrada de la puerta: después saldrá; mas no se cerrará la puerta hasta la tarde.	
Ezequiel	46	3	SUBSTANTIVE	Asimismo adorará el pueblo de la tierra delante de Jehová, a la entrada de la puerta, en los días de reposo y en las lunas nuevas.	Asimismo adorará el pueblo de la tierra delante de Jehová, á la entrada de la puerta, en los sábados y en las nuevas lunas.	
Ezequiel	46	4	orthographic	El holocausto que el príncipe ofrecerá a Jehová en el día de reposo será seis corderos sin defecto, y un carnero sin tacha;	Y el holocausto que el príncipe ofrecerá á Jehová el día del sábado, será seis corderos sin defecto, y un carnero sin tacha:	
Ezequiel	46	5	SUBSTANTIVE	y por ofrenda un efa con cada carnero; y con cada cordero una ofrenda conforme a sus posibilidades, y un hin de aceite con el efa.	Y por presente un epha con cada carnero; y con cada cordero un presente, don de su mano, y un hin de aceite con el epha.	
Ezequiel	46	6	orthographic	Mas el día de la luna nueva, un becerro sin tacha de la vacada, seis corderos, y un carnero; deberán ser sin defecto.	Mas el día de la nueva luna, un becerro sin tacha de la vacada, y seis corderos, y un carnero: deberán ser sin defecto.	
Ezequiel	46	7	SUBSTANTIVE	Y hará ofrenda de un efa con el becerro, y un efa con cada carnero; pero con los corderos, conforme a sus posibilidades; y un hin de aceite por cada efa.	Y hará presente de un epha con el becerro, y un epha con cada carnero: mas con los corderos, conforme á su facultad; y un hin de aceite por cada epha.	
Ezequiel	46	9	orthographic	Mas cuando el pueblo de la tierra entrare delante de Jehová en las fiestas, el que entrare por la puerta del norte saldrá por la puerta del sur, y el que entrare por la puerta del sur saldrá por la puerta del norte; no volverá por la puerta por donde entró, sino que saldrá por la de enfrente de ella.	Mas cuando el pueblo de la tierra entrare delante de Jehová en las fiestas, el que entrare por la puerta del norte, saldrá por la puerta del mediodía; y el que entrare por la puerta del mediodía, saldrá por la puerta del norte: no volverá por la puerta por donde entró, sino que saldrá por la de enfrente de ella.	
Ezequiel	46	10	orthographic	Y el príncipe, cuando ellos entraren, entrará en medio de ellos; y cuando ellos salieren, él saldrá.	Y el príncipe, cuando ellos entraren, él entrará en medio de ellos: y cuando ellos salieren, él saldrá.	
Ezequiel	46	11	SUBSTANTIVE	Y en las fiestas y en las asambleas solemnes será la ofrenda un efa con cada becerro, y un efa con cada carnero; y con los corderos, conforme a sus posibilidades; y un hin de aceite con cada efa.	Y en las fiestas y en las solemnidades será el presente un epha con cada becerro, y un epha con cada carnero; y con los corderos, lo que le pareciere; y un hin de aceite con cada epha.	
Ezequiel	46	12	SUBSTANTIVE	Mas cuando el príncipe libremente hiciere holocausto u ofrendas de paz a Jehová, le abrirán la puerta que mira al oriente, y hará su holocausto y sus ofrendas de paz, como hace en el día de reposo;[d] después saldrá, y cerrarán la puerta después que saliere.	Mas cuando el príncipe libremente hiciere holocausto ó pacíficos á Jehová, abriránle la puerta que mira al oriente, y hará su holocausto y sus pacíficos, como hace en el día del sábado: después saldrá; y cerrarán la puerta después que saliere.	
Ezequiel	46	13	orthographic	Y ofrecerás en sacrificio a Jehová cada día en holocausto un cordero de un año sin defecto; cada mañana lo sacrificarás.	Y sacrificarás á Jehová cada día en holocausto un cordero de un año sin defecto, cada mañana lo sacrificarás.	
Ezequiel	46	14	orthographic	Y con él harás todas las mañanas ofrenda de la sexta parte de un efa, y la tercera parte de un hin de aceite para mezclar con la flor de harina; ofrenda para Jehová continuamente, por estatuto perpetuo.	Y con él harás todas las mañanas presente de la sexta parte de un epha, y la tercera parte de un hin de aceite para mezclar con la flor de harina: presente para Jehová continuamente por estatuto perpetuo.	
Ezequiel	46	15	orthographic	Ofrecerán, pues, el cordero y la ofrenda y el aceite, todas las mañanas en holocausto continuo.	Ofrecerán pues el cordero, y el presente y el aceite, todas las mañanas en holocausto continuo.	
Ezequiel	46	16	SUBSTANTIVE	Así ha dicho Jehová el Señor: Si el príncipe diere parte de su heredad a sus hijos, será de ellos; posesión de ellos será por herencia.	Así ha dicho el Señor Jehová: Si el príncipe diere algún don de su heredad á alguno de sus hijos, será de ellos; posesión de ellos será por herencia.	
Ezequiel	46	17	orthographic	Mas si de su heredad diere parte a alguno de sus siervos, será de él hasta el año del jubileo, y volverá al príncipe; mas su herencia será de sus hijos.	Mas si de su heredad diere don á alguno de sus siervos, será de él hasta el año de libertad, y volverá al príncipe; mas su herencia será de sus hijos.	
Ezequiel	46	18	orthographic	Y el príncipe no tomará nada de la herencia del pueblo, para no defraudarlos de su posesión; de lo que él posee dará herencia a sus hijos, a fin de que ninguno de mi pueblo sea echado de su posesión.	Y el príncipe no tomará nada de la herencia del pueblo, por no defraudarlos de su posesión: de lo que él posee dará herencia á sus hijos; para que mi pueblo no sea echado cada uno de su posesión.	
Ezequiel	46	19	orthographic	Me trajo después por la entrada que estaba hacia la puerta, a las cámaras santas de los sacerdotes, las cuales miraban al norte, y vi que había allí un lugar en el fondo del lado de occidente.	Metióme después por la entrada que estaba hacia la puerta, á las cámaras santas de los sacerdotes, las cuales miraban al norte, y había allí un lugar á los lados del occidente.	
Ezequiel	46	20	SUBSTANTIVE	Y me dijo: Este es el lugar donde los sacerdotes cocerán la ofrenda por el pecado y la expiación; allí cocerán la ofrenda, para no sacarla al atrio exterior, santificando así al pueblo.	Y díjome: Este es el lugar donde los sacerdotes cocerán el sacrificio por el pecado y la expiación: allí cocerán el presente, por no sacarlo al atrio de afuera para santificar al pueblo.	
Ezequiel	46	21	orthographic	Y luego me sacó al atrio exterior, y me llevó por los cuatro rincones del atrio; y en cada rincón había un patio.	Luego me sacó al atrio de afuera, y llevóme por los cuatro rincones del atrio; y en cada rincón había un patio.	
Ezequiel	46	22	SUBSTANTIVE	En los cuatro rincones del atrio había patios cercados, de cuarenta codos de longitud y treinta de ancho; una misma medida tenían los cuatro.	En los cuatro rincones del atrio había patios juntos de cuarenta codos de longitud, y treinta de anchura: tenían una misma medida todos cuatro á los rincones.	
Ezequiel	46	23	SUBSTANTIVE	Y había una pared alrededor de ellos, alrededor de los cuatro, y abajo fogones alrededor de las paredes.	Y había una pared alrededor de ellos, alrededor de todos cuatro, y chimeneas hechas abajo alrededor de las paredes.	
Ezequiel	46	24	SUBSTANTIVE	Y me dijo: Estas son las cocinas, donde los servidores de la casa cocerán la ofrenda del pueblo.	Y díjome: Estos son los aposentos de los cocineros, donde los servidores de la casa cocerán el sacrificio del pueblo.	
Ezequiel	47	1	SUBSTANTIVE	Me hizo volver luego a la entrada de la casa; y he aquí aguas que salían de debajo del umbral de la casa hacia el oriente; porque la fachada de la casa estaba al oriente, y las aguas descendían de debajo, hacia el lado derecho de la casa, al sur del altar.	HÍZOME tornar luego á la entrada de la casa; y he aquí aguas que salían de debajo del umbral de la casa hacia el oriente: porque la fachada de la casa estaba al oriente: y las aguas descendían de debajo, hacia el lado derecho de la casa, al mediodía del altar.	
Ezequiel	47	2	SUBSTANTIVE	Y me sacó por el camino de la puerta del norte, y me hizo dar la vuelta por el camino exterior, fuera de la puerta, al camino de la que mira al oriente; y vi que las aguas salían del lado derecho.	Y sacóme por el camino de la puerta del norte, é hízome rodear por el camino fuera de la puerta, por de fuera al camino de la que mira al oriente: y he aquí las aguas que salían al lado derecho.	
Ezequiel	47	3	orthographic	Y salió el varón hacia el oriente, llevando un cordel en su mano; y midió mil codos, y me hizo pasar por las aguas hasta los tobillos.	Y saliendo el varón hacia el oriente, tenía un cordel en su mano; y midió mil codos, é hízome pasar por las aguas hasta los tobillos.	
Ezequiel	47	4	orthographic	Midió otros mil, y me hizo pasar por las aguas hasta las rodillas. Midió luego otros mil, y me hizo pasar por las aguas hasta los lomos.	Y midió otros mil, é hízome pasar por las aguas hasta las rodillas. Midió luego otros mil, é hízome pasar por las aguas hasta los lomos.	
Ezequiel	47	5	SUBSTANTIVE	Midió otros mil, y era ya un río que yo no podía pasar, porque las aguas habían crecido de manera que el río no se podía pasar sino a nado.	Y midió otros mil, é iba ya el arroyo que yo no podía pasar: porque las aguas se habían alzado, y el arroyo no se podía pasar sino á nado.	
Ezequiel	47	6	SUBSTANTIVE	Y me dijo: ¿Has visto, hijo de hombre? Después me llevó, y me hizo volver por la ribera del río.	Y díjome: ¿Has visto, hijo del hombre? Después me llevó, é hízome tornar por la ribera del arroyo.	
Ezequiel	47	7	SUBSTANTIVE	Y volviendo yo, vi que en la ribera del río había muchísimos árboles a uno y otro lado.	Y tornando yo, he aquí en la ribera del arroyo había árboles muy muchos de la una parte y de la otra.	
Ezequiel	47	8	orthographic	Y me dijo: Estas aguas salen a la región del oriente, y descenderán al Arabá, y entrarán en el mar; y entradas en el mar, recibirán sanidad las aguas.	Y díjome: Estas aguas salen á la región del oriente, y descenderán á la llanura, y entrarán en la mar: y entradas en la mar, recibirán sanidad las aguas.	
Ezequiel	47	9	orthographic	Y toda alma viviente que nadare por dondequiera que entraren estos dos ríos, vivirá; y habrá muchísimos peces por haber entrado allá estas aguas, y recibirán sanidad; y vivirá todo lo que entrare en este río.	Y será que toda alma viviente que nadare por donde quiera que entraren estos dos arroyos, vivirá: y habrá muy muchos peces por haber entrado allá estas aguas, y recibirán sanidad; y vivirá todo lo que entrare en este arroyo.	
Ezequiel	47	10	SUBSTANTIVE	Y junto a él estarán los pescadores, y desde En-gadi hasta En-eglaim será su tendedero de redes; y por sus especies serán los peces tan numerosos como los peces del Mar Grande.	Y será que junto á él estarán pescadores; y desde En-gadi hasta En-eglaim será tendedero de redes: en su clase será su pescado como el pescado de la gran mar, mucho en gran manera.	
Ezequiel	47	11	orthographic	Sus pantanos y sus lagunas no se sanearán; quedarán para salinas.	Sus charcos y sus lagunas no se sanarán; quedarán para salinas.	
Ezequiel	47	12	SUBSTANTIVE	Y junto al río, en la ribera, a uno y otro lado, crecerá toda clase de árboles frutales; sus hojas nunca caerán, ni faltará su fruto. A su tiempo madurará, porque sus aguas salen del santuario; y su fruto será para comer, y su hoja para medicina.	Y junto al arroyo, en su ribera de una parte y de otra, crecerá todo árbol de comer: su hoja nunca caerá, ni faltará su fruto: á sus meses madurará, porque sus aguas salen del santuario: y su fruto será para comer, y su hoja para medicina.	
Ezequiel	47	13	SUBSTANTIVE	Así ha dicho Jehová el Señor: Estos son los límites en que repartiréis la tierra por heredad entre las doce tribus de Israel. José tendrá dos partes.	Así ha dicho el Señor Jehová: Este es el término en que partiréis la tierra en heredad entre las doce tribus de Israel: José dos partes.	
Ezequiel	47	14	SUBSTANTIVE	Y la heredaréis así los unos como los otros; por ella alcé mi mano jurando que la había de dar a vuestros padres; por tanto, esta será la tierra de vuestra heredad.	Y la heredaréis así los unos como los otros: por ella alcé mi mano que la había de dar á vuestros padres: por tanto, esta tierra os caerá en heredad.	
Ezequiel	47	15	SUBSTANTIVE	Y este será el límite de la tierra hacia el lado del norte; desde el Mar Grande, camino de Hetlón viniendo a Zedad,	Y este será el término de la tierra hacia la parte del norte; desde la gran mar, camino de Hethlon viniendo á Sedad;	
Ezequiel	47	16	SUBSTANTIVE	Hamat, Berota, Sibraim, que está entre el límite de Damasco y el límite de Hamat; Hazar-haticón, que es el límite de Haurán.	Hamath, Berotha, Sibrahim, que está entre el término de Damasco y el término de Hamath; Haser-hatticon, que es el término de Hauran.	
Ezequiel	47	17	SUBSTANTIVE	Y será el límite del norte desde el mar hasta Hazar-enán en el límite de Damasco al norte, y al límite de Hamat al lado del norte.	Y será el término del norte desde la mar de Haser-enon al término de Damasco al norte, y al término de Hamath al lado del norte.	
Ezequiel	47	18	SUBSTANTIVE	Del lado del oriente, en medio de Haurán y de Damasco, y de Galaad y de la tierra de Israel, al Jordán; esto mediréis de límite hasta el mar oriental.	Al lado del oriente, por medio de Hauran y de Damasco, y de Galaad, y de la tierra de Israel, al Jordán: esto mediréis de término hasta la mar del oriente.	
Ezequiel	47	19	SUBSTANTIVE	Del lado meridional, hacia el sur, desde Tamar hasta las aguas de las rencillas; desde Cades y el arroyo hasta el Mar Grande; y esto será el lado meridional, al sur.	Y al lado del mediodía, hacia el mediodía, desde Tamar hasta las aguas de las rencillas; desde Cades y el arroyo hasta la gran mar: y esto será el lado austral, al mediodía.	
Ezequiel	47	20	SUBSTANTIVE	Del lado del occidente el Mar Grande será el límite hasta enfrente de la entrada de Hamat; este será el lado occidental.	Y al lado del occidente la gran mar será el término hasta en derecho para venir á Hamath: este será el lado del occidente.	
Ezequiel	47	21	orthographic	Repartiréis, pues, esta tierra entre vosotros según las tribus de Israel.	Partiréis, pues, esta tierra entre vosotros por las tribus de Israel.	
Ezequiel	47	22	SUBSTANTIVE	Y echaréis sobre ella suertes por heredad para vosotros, y para los extranjeros que moran entre vosotros, que entre vosotros han engendrado hijos; y los tendréis como naturales entre los hijos de Israel; echarán suertes con vosotros para tener heredad entre las tribus de Israel.	Y será que echaréis sobre ella suertes por herencia para vosotros, y para los extranjeros que peregrinan entre vosotros, que entre vosotros han engendrado hijos: y los tendréis como naturales entre los hijos de Israel; echarán suertes con vosotros para heredarse entre las tribus de Israel.	
Ezequiel	47	23	SUBSTANTIVE	En la tribu en que morare el extranjero, allí le daréis su heredad, ha dicho Jehová el Señor.	Y será que en la tribu en que peregrinare el extranjero, allí le daréis su heredad, ha dicho el Señor Jehová.	
Ezequiel	48	1	SUBSTANTIVE	Estos son los nombres de las tribus: Desde el extremo norte por la vía de Hetlón viniendo a Hamat, Hazar-enán, en los confines de Damasco, al norte, hacia Hamat, tendrá Dan una parte, desde el lado oriental hasta el occidental.	Y ESTOS son los nombres de las tribus: Desde la extremidad septentrional por la vía de Hethlon viniendo á Hamath, Haser-enon, al término de Damasco, al norte, al término de Hamath: tendrá Dan una parte, siendo sus extremidades al oriente y al occidente.	
Ezequiel	48	2	SUBSTANTIVE	Junto a la frontera de Dan, desde el lado del oriente hasta el lado del mar, tendrá Aser una parte.	Y junto al término de Dan, desde la parte del oriente hasta la parte de la mar, Aser una parte.	
Ezequiel	48	3	SUBSTANTIVE	Junto al límite de Aser, desde el lado del oriente hasta el lado del mar, Neftalí, otra.	Y junto al término de Aser, desde el lado oriental hasta la parte de la mar, Nephtalí, otra.	
Ezequiel	48	4	SUBSTANTIVE	Junto al límite de Neftalí, desde el lado del oriente hasta el lado del mar, Manasés, otra.	Y junto al término de Nephtalí, desde la parte del oriente hasta la parte de la mar, Manasés, otra.	
Ezequiel	48	5	SUBSTANTIVE	Junto al límite de Manasés, desde el lado del oriente hasta el lado del mar, Efraín, otra.	Y junto al término de Manasés, desde la parte del oriente hasta la parte de la mar, Ephraim, otra.	
Ezequiel	48	6	SUBSTANTIVE	Junto al límite de Efraín, desde el lado del oriente hasta el lado del mar, Rubén, otra.	Y junto al término de Ephraim, desde la parte del oriente hasta la parte de la mar, Rubén, otra.	
Ezequiel	48	7	SUBSTANTIVE	Junto al límite de Rubén, desde el lado del oriente hasta el lado del mar, Judá, otra.	Y junto al término de Rubén, desde la parte del oriente hasta la parte de la mar, Judá, otra.	
Ezequiel	48	8	SUBSTANTIVE	Junto al límite de Judá, desde el lado del oriente hasta el lado del mar, estará la porción que reservaréis de veinticinco mil cañas de anchura, y de longitud como cualquiera de las otras partes, esto es, desde el lado del oriente hasta el lado del mar; y el santuario estará en medio de ella.	Y junto al término de Judá, desde la parte del oriente hasta la parte de la mar, será la suerte que apartaréis de veinticinco mil cañas de anchura, y de longitud como cualquiera de las otras partes, es á saber, desde la parte del oriente hasta la parte de la mar; y el santuario estará en medio de ella.	
Ezequiel	48	9	SUBSTANTIVE	La porción que reservaréis para Jehová tendrá de longitud veinticinco mil cañas, y diez mil de ancho.	La suerte que apartaréis para Jehová, será de longitud de veinticinco mil cañas, y de diez mil de ancho.	
Ezequiel	48	10	SUBSTANTIVE	La porción santa que pertenecerá a los sacerdotes será de veinticinco mil cañas al norte, y de diez mil de anchura al occidente, y de diez mil de ancho al oriente, y de veinticinco mil de longitud al sur; y el santuario de Jehová estará en medio de ella.	Y allí será la suerte santa de los sacerdotes, de veinticinco mil cañas al norte, y de diez mil de anchura al occidente, y de diez mil de ancho al oriente, y de veinticinco mil de longitud al mediodía: y el santuario de Jehová estará en medio de ella.	
Ezequiel	48	11	orthographic	Los sacerdotes santificados de los hijos de Sadoc que me guardaron fidelidad, que no erraron cuando erraron los hijos de Israel, como erraron los levitas,	Los sacerdotes santificados de los hijos de Sadoc, que guardaron mi observancia, que no erraron cuando erraron los hijos de Israel, como erraron los Levitas,	
Ezequiel	48	12	SUBSTANTIVE	ellos tendrán como parte santísima la porción de la tierra reservada, junto al límite de la de los levitas.	Ellos tendrán por suerte, apartada en la partición de la tierra, la parte santísima, junto al término de los Levitas.	
Ezequiel	48	13	orthographic	Y la de los levitas, al lado de los límites de la de los sacerdotes, será de veinticinco mil cañas de longitud, y de diez mil de anchura; toda la longitud de veinticinco mil, y la anchura de diez mil.	Y la de los Levitas, al lado del término de los sacerdotes, será de veinticinco mil cañas de longitud, y de diez mil de anchura: toda la longitud de veinticinco mil, y la anchura de diez mil.	
Ezequiel	48	14	orthographic	No venderán nada de ello, ni lo permutarán, ni traspasarán las primicias de la tierra; porque es cosa consagrada a Jehová.	No venderán de ello, ni permutarán, ni traspasarán las primicias de la tierra: porque es cosa consagrada á Jehová.	
Ezequiel	48	16	SUBSTANTIVE	Estas serán sus medidas: al lado del norte cuatro mil quinientas cañas, al lado del sur cuatro mil quinientas, al lado del oriente cuatro mil quinientas, y al lado del occidente cuatro mil quinientas.	Y estas serán sus medidas: á la parte del norte cuatro mil y quinientas cañas, y á la parte del mediodía cuatro mil y quinientas, y á la parte del oriente cuatro mil y quinientas, y á la parte del occidente cuatro mil y quinientas.	
Ezequiel	48	17	orthographic	Y el ejido de la ciudad será al norte de doscientas cincuenta cañas, al sur de doscientas cincuenta, al oriente de doscientas cincuenta, y de doscientas cincuenta al occidente.	Y el ejido de la ciudad será al norte de doscientas y cincuenta cañas, y al mediodía de doscientas y cincuenta, y al oriente de doscientas y cincuenta, y de doscientas y cincuenta al occidente.	
Ezequiel	48	18	orthographic	Y lo que quedare de longitud delante de la porción santa, diez mil cañas al oriente y diez mil al occidente, que será lo que quedará de la porción santa, será para sembrar para los que sirven a la ciudad.	Y lo que quedare de longitud delante de la suerte santa, diez mil cañas al oriente y diez mil al occidente, que será lo que quedará de la suerte santa, será para sembrar para los que sirven á la ciudad.	
Ezequiel	48	19	orthographic	Y los que sirvan a la ciudad serán de todas las tribus de Israel.	Y los que servirán á la ciudad, serán de todas las tribus de Israel.	
Ezequiel	48	20	SUBSTANTIVE	Toda la porción reservada de veinticinco mil cañas por veinticinco mil en cuadro, reservaréis como porción para el santuario, y para la posesión de la ciudad.	Todo el apartado de veinticinco mil cañas por veinticinco mil en cuadro, apartaréis por suerte para el santuario, y para la posesión de la ciudad.	
Ezequiel	48	21	SUBSTANTIVE	Y del príncipe será lo que quedare a uno y otro lado de la porción santa y de la posesión de la ciudad, esto es, delante de las veinticinco mil cañas de la porción hasta el límite oriental, y al occidente delante de las veinticinco mil hasta el límite occidental, delante de las partes dichas será del príncipe; porción santa será, y el santuario de la casa estará en medio de ella.	Y del príncipe será lo que quedare de la una parte y de la otra de la suerte santa, y de la posesión de la ciudad, es á saber, delante de las veinticinco mil cañas de la suerte hasta el término oriental, y al occidente delante de las veinticinco mil hasta el término occidental, delante de las partes dichas será del príncipe: y suerte santa será; y el santuario de la casa estará en medio de ella.	
Ezequiel	48	22	SUBSTANTIVE	De este modo la parte del príncipe será la comprendida desde la porción de los levitas y la porción de la ciudad, entre el límite de Judá y el límite de Benjamín.	Y desde la posesión de los Levitas, y desde la posesión de la ciudad, en medio estará lo que pertenecerá al príncipe. Entre el término de Judá y el término de Benjamín estará la suerte del príncipe.	
Ezequiel	48	23	SUBSTANTIVE	En cuanto a las demás tribus, desde el lado del oriente hasta el lado del mar, tendrá Benjamín una porción.	Cuanto á las demás tribus, desde la parte del oriente hasta la parte de la mar, tendrá Benjamín una parte.	
Ezequiel	48	24	SUBSTANTIVE	Junto al límite de Benjamín, desde el lado del oriente hasta el lado del mar, Simeón, otra.	Y junto al término de Benjamín, desde la parte del oriente hasta la parte de la mar, Simeón, otra.	
Ezequiel	48	25	SUBSTANTIVE	Junto al límite de Simeón, desde el lado del oriente hasta el lado del mar, Isacar, otra.	Y junto al término de Simeón, desde la parte del oriente hasta la parte de la mar, Issachâr, otra.	
Ezequiel	48	26	SUBSTANTIVE	Junto al límite de Isacar, desde el lado del oriente hasta el lado del mar, Zabulón, otra.	Y junto al término de Issachâr, desde la parte del oriente hasta la parte de la mar, Zabulón, otra.	
Ezequiel	48	27	SUBSTANTIVE	Junto al límite de Zabulón, desde el lado del oriente hasta el lado del mar, Gad, otra.	Y junto al término de Zabulón, desde la parte del oriente hasta la parte de la mar, Gad, otra.	
Ezequiel	48	28	SUBSTANTIVE	Junto al límite de Gad, al lado meridional al sur, será el límite desde Tamar hasta las aguas de las rencillas, y desde Cades y el arroyo hasta el Mar Grande.	Y junto al término de Gad, á la parte del austro, al mediodía, será el término desde Tamar hasta las aguas de las rencillas, y desde Cades y el arroyo hasta la gran mar.	
Ezequiel	48	29	orthographic	Esta es la tierra que repartiréis por suertes en heredad a las tribus de Israel, y estas son sus porciones, ha dicho Jehová el Señor.	Esta es la tierra que partiréis por suertes en heredad á las tribus de Israel, y estas son sus porciones, ha dicho el Señor Jehová.	
Ezequiel	48	30	orthographic	Y estas son las salidas de la ciudad: al lado del norte, cuatro mil quinientas cañas por medida.	Y estas son las salidas de la ciudad á la parte del norte, cuatro mil y quinientas cañas por medida.	
Ezequiel	48	32	orthographic	Al lado oriental cuatro mil quinientas cañas, y tres puertas: la puerta de José, una; la puerta de Benjamín, otra; la puerta de Dan, otra.	Y á la parte del oriente cuatro mil y quinientas cañas, y tres puertas: la puerta de José, una; la puerta de Benjamín, otra; la puerta de Dan, otra.	
Ezequiel	48	33	orthographic	Al lado del sur, cuatro mil quinientas cañas por medida, y tres puertas: la puerta de Simeón, una; la puerta de Isacar, otra; la puerta de Zabulón, otra.	Y á la parte del mediodía, cuatro mil y quinientas cañas por medida, y tres puertas: la puerta de Simeón, una; la puerta de Issachâr, otra; la puerta de Zabulón, otra.	
Ezequiel	48	34	orthographic	Y al lado occidental cuatro mil quinientas cañas, y sus tres puertas: la puerta de Gad, una; la puerta de Aser, otra; la puerta de Neftalí, otra.	Y á la parte del occidente cuatro mil y quinientas cañas, y sus tres puertas: la puerta de Gad, una; la puerta de Aser, otra; la puerta de Nephtalí, otra.	
Ezequiel	48	35	orthographic	En derredor tendrá dieciocho mil cañas. Y el nombre de la ciudad desde aquel día será Jehová-sama.	En derredor tendrá dieciocho mil cañas. Y el nombre de la ciudad desde aquel día será JEHOVÁ-SHAMMA.	
Daniel	2	3	orthographic	Y el rey les dijo: He soñado un sueño, y mi espíritu se ha perturbado por saber el sueño.	Y el rey les dijo: He soñado un sueño, y mi espíritu se ha perturbado por saber del sueño.	
Daniel	2	30	orthographic	Y á mí ha sido revelado este misterio, no por sabiduría que en mí haya, más que en todos los vivientes, sino para que yo notifique al rey la declaración, y que entiendieses los pensamientos de tu corazón.	Y á mí ha sido revelado este misterio, no por sabiduría que en mí haya más que en todos los vivientes, sino para que yo notifique al rey la declaración, y que entendieses los pensamientos de tu corazón.	
Oseas	2	1	orthographic	DECID á vuestros hermanos, Ammi, y vuestras hermanas, Ruhama:	DECID á vuestros hermanos, Ammi, y á vuestras hermanas, Ruhama:	
Oseas	9	2	orthographic	La era y el lagar no los mantedrán; les fallará el mosto.	La era y el lagar no los mantendrán; les fallará el mosto.	
Oseas	9	4	orthographic	No derramarán vino á Jehová, ni él tomará contento en sus sacrificios; como pan de enlutados le serán á ellos: todos los que comieren de él, serán inmundos. Será pues el pan de ellos para sí mismos; no entrará en la casa de Jehová.	No derramarán vino á Jehová, ni él tomará contento en sus sacrificios; como pan de enlutados les serán á ellos: todos los que comieren de él, serán inmundos. Será pues el pan de ellos para sí mismos; no entrará en la casa de Jehová.	
Oseas	11	12	SUBSTANTIVE	CERCÓME Ephraim con mentira, y la casa de Israel con engaño: mas Judá aún domina con Dios, y es fiel con los santos.		
Oseas	12	1	DIGITAL-MISALIGNED->2	Ephraim se apacienta del viento, y sigue al solano: mentira y destrucción aumenta continuamente; porque hicieron alianza con los Asirios, y aceite se lleva á Egipto.	CERCÓME Ephraim con mentira, y la casa de Israel con engaño: mas Judá aun domina con Dios, y es fiel con los santos.	
Oseas	12	2	DIGITAL-MISALIGNED->3	Pleito tiene Jehová con Judá para visitar á Jacob conforme á sus caminos: pagarále conforme á sus obras.	Ephraim se apacienta del viento, y sigue al solano: mentira y destrucción aumenta continuamente; porque hicieron alianza con los Asirios, y aceite se lleva á Egipto.	
Oseas	12	3	DIGITAL-MISALIGNED->4	En el vientre tomó por el calcañar á su hermano, y con su fortaleza venció al ángel.	Pleito tiene Jehová con Judá para visitar á Jacob conforme á sus caminos: pagarále conforme á sus obras.	
Oseas	12	4	DIGITAL-MISALIGNED->5	Venció al ángel, y prevaleció; lloró, y rogóle: en Beth-el le halló, y allí habló con nosotros.	En el vientre tomó por el calcañar á su hermano, y con su fortaleza venció al ángel.	
Oseas	12	5	DIGITAL-MISALIGNED->6	Mas Jehová es Dios de los ejércitos: Jehová es su memorial.	Venció al ángel, y prevaleció; lloró, y rogóle: en Beth-el le halló, y allí habló con nosotros.	
Oseas	12	6	DIGITAL-MISALIGNED->7	Tú pues, conviértete á tu Dios: guarda misericordia y juicio, y en tu Dios espera siempre.	Mas Jehová es Dios de los ejércitos: Jehová es su memorial.	
Oseas	12	7	DIGITAL-MISALIGNED->8	Es mercader que tiene en su mano peso falso, amador de opresión.	Tú pues, conviértete á tu Dios: guarda misericordia y juicio, y en tu Dios espera siempre.	
Oseas	12	8	DIGITAL-MISALIGNED->9	Y dijo Ephraim: Ciertamente yo he enriquecido, hallado he riquezas para mí: nadie hallará en mí iniquidad, ni pecado en todos mis trabajos.	Es mercader que tiene en su mano peso falso, amador de opresión.	
Oseas	12	9	DIGITAL-MISALIGNED->10	Empero yo soy Jehová tu Dios desde la tierra de Egipto: aun te haré morar en tiendas, como en los días de la fiesta.	Y dijo Ephraim: Ciertamente yo he enriquecido, hallado he riquezas para mí: nadie hallará en mí iniquidad, ni pecado en todos mis trabajos.	
Oseas	12	10	DIGITAL-MISALIGNED->11	Y hablado he á los profetas, y yo aumenté la profecía, y por mano de los profetas puse semejanzas.	Empero yo soy Jehová tu Dios desde la tierra de Egipto: aun te haré morar en tiendas, como en los días de la fiesta.	
Oseas	12	11	DIGITAL-MISALIGNED->12	¿Es Galaad iniquidad? Ciertamente vanidad han sido; en Gilgal sacrificaron bueyes: y aún son sus altares como montones en los surcos del campo.	Y hablado he á los profetas, y yo aumenté la profecía, y por mano de los profetas puse semejanzas.	
Oseas	12	12	DIGITAL-MISALIGNED->13	Mas Jacob huyó á tierra de Aram, y sirvió Israel por mujer, y por mujer fué pastor.	¿Es Galaad iniquidad? Ciertamente vanidad han sido: en Gilgal sacrificaron bueyes: y aun son sus altares como montones en los surcos del campo.	
Oseas	12	13	SUBSTANTIVE	Y por profeta hizo subir Jehová á Israel de Egipto, y por profeta fué guardado.	Mas Jacob huyó á tierra de Aram, y sirvió Israel por mujer, y por mujer fué pastor.	
Oseas	12	14	SUBSTANTIVE	Enojado ha Ephraim á Dios con amarguras; por tanto, sus sangres se derramarán sobre él, y su Señor le pagará su oprobio.	Y por profeta hizo subir Jehová á Israel de Egipto, y por profeta fué guardado. Enojado ha Ephraim á Dios con amarguras; por tanto, sus sangres se derramarán sobre él, y su Señor le pagará su oprobio.	
Oseas	13	16	orthographic	Samaria será asolada, porque se rebeló contra su Dios: caerán á cuchillo: sus niños serán estrellados, y su preñadas serán abiertas.	Samaria será asolada, porque se rebeló contra su Dios: caerán á cuchillo: sus niños serán estrellados, y sus preñadas serán abiertas.	
Joel	1	3	orthographic	De esto contaréis á vuestros hijos, y vuestros hijos á sus hijos, y su hijos á la otra generación.	De esto contaréis á vuestros hijos, y vuestros hijos á sus hijos, y sus hijos á la otra generación.	
Joel	2	1	orthographic	TOCAD trompeta en Sión, y pregondad en mi santo monte: tiemblen todos los moradores de la tierra; porque viene el día de Jehová, porque está cercano.	TOCAD trompeta en Sión, y pregonad en mi santo monte: tiemblen todos los moradores de la tierra; porque viene el día de Jehová, porque está cercano.	
Amós	1	4	punctuation-only	Y meteré fuego en la casa de Hazael, y consumirá los palacios de Ben-hadad.	Y meteré fuego en la casa de Hazael, y consumirá los palacios de Benhadad.	
Amós	3	8	orthographic	Bramando el león, ¿quién no temerá? hablando el Señor Jehová, ¿quién no porfetizará?	Bramando el león, ¿quién no temerá? hablando el Señor Jehová, ¿quién no profetizará?	
Jonás	1	17	SUBSTANTIVE	MAS Jehová había prevenido un gran pez que tragase á Jonás: y estuvo Jonás en el vientre del pez tres días y tres noches.		
Jonás	2	1	DIGITAL-MISALIGNED->2	Y oró Jonás desde el vientre del pez á Jehová su Dios,	MAS Jehová había prevenido un gran pez que tragase á Jonás: y estuvo Jonás en el vientre del pez tres días y tres noches.	
Jonás	2	2	DIGITAL-MISALIGNED->3	Y dijo: Clamé de mi tribulación á Jehová, Y él me oyó; Del vientre del sepulcro clamé, Y mi voz oiste.	Y oró Jonás desde el vientre del pez á Jehová su Dios,	
Jonás	2	3	DIGITAL-MISALIGNED->4	Echásteme en el profundo, en medio de los mares, Y rodeóme la corriente; Todas tus ondas y tus olas pasaron sobre mí.	Y dijo: Clamé de mi tribulación á Jehová, y él me oyó; del vientre del sepulcro clamé, y mi voz oiste.	
Jonás	2	4	DIGITAL-MISALIGNED->5	Y yo dije: Echado soy de delante de tus ojos: Mas aun veré tu santo templo.	Echásteme en el profundo, en medio de los mares, y rodeóme la corriente; todas tus ondas y tus olas pasaron sobre mí.	
Jonás	2	5	DIGITAL-MISALIGNED->6	Las aguas me rodearon hasta el alma, Rodeóme el abismo; La ova se enredó á mi cabeza.	Y yo dije: Echado soy de delante de tus ojos: mas aun veré tu santo templo.	
Jonás	2	6	DIGITAL-MISALIGNED->7	Descendí á las raíces de los montes; La tierra echó sus cerraduras sobre mí para siempre: Mas tú sacaste mi vida de la sepultura, oh Jehová Dios mío.	Las aguas me rodearon hasta el alma, rodeóme el abismo; la ova se enredó á mi cabeza.	
Jonás	2	7	DIGITAL-MISALIGNED->8	Cuando mi alma desfallecía en mí, acordéme de Jehová; Y mi oración entró hasta ti en tu santo templo.	Descendí á las raíces de los montes; la tierra echó sus cerraduras sobre mí para siempre: mas tú sacaste mi vida de la sepultura, oh Jehová Dios mío.	
Jonás	2	8	DIGITAL-MISALIGNED->9	Los que guardan las vanidades ilusorias, Su misericordia abandonan.	Cuando mi alma desfallecía en mí, acordéme de Jehová; y mi oración entró hasta ti en tu santo templo.	
Jonás	2	9	SUBSTANTIVE	Yo empero con voz de alabanza te sacrificaré; Pagaré lo que prometí. La salvación pertenece á Jehová.	Los que guardan las vanidades ilusorias, su misericordia abandonan.	
Jonás	2	10	SUBSTANTIVE	Y mandó Jehová al pez, y vomitó á Jonás en tierra.	Yo empero con voz de alabanza te sacrificaré; pagaré lo que prometí. La salvación pertenece á Jehová. Y mandó Jehová al pez, y vomitó á Jonás en tierra.	
Nahum	1	1	punctuation-only	CARGA de Nínive. Libro de la visión de Nahum de Elkosh.	CARGA de Nínive. Libro de la visión de Nahum de El-kosh.	
Habacuc	1	9	orthographic	Toda ella vendrá á la presa: delante de su sus caras viento solano; y juntará cautivos como arena.	Toda ella vendrá á la presa: delante de sus caras viento solano; y juntará cautivos como arena.	
Habacuc	3	19	SUBSTANTIVE	Jehová el Señor es mi fortaleza, El cual pondrá mis pies como de ciervas, Y me hará andar sobre mis alturas	Jehová el Señor es mi fortaleza, el cual pondrá mis pies como de ciervas, y me hará andar sobre mis alturas. Al jefe de los cantores sobre mis instrumentos de cuerdas.	
Sofonías	1	11	orthographic	Aullad, moradores de Mactes, porque todo el pueblo mercader es destruido; talado son todos los que traían dinero.	Aullad, moradores de Mactes, porque todo el pueblo mercader es destruído; talados son todos los que traían dinero.	
Zacarías	4	10	orthographic	Porque los que menospreciaron el día de las pequeñeces se alergrarán, y verán la plomada en la mano de Zorobabel. Aquellas siete son los ojos de Jehová que recorren por toda la tierra.	Porque los que menospreciaron el día de las pequeñeces se alegrarán, y verán la plomada en la mano de Zorobabel. Aquellas siete son los ojos de Jehová que recorren por toda la tierra.	
Zacarías	4	11	orthographic	Hablé más, y díjele: ¿Qué significan estas dos olivas á la derecha del candelero, y á su izquieda?	Hablé más, y díjele: ¿Qué significan estas dos olivas á la derecha del candelero, y á su izquierda?	
Zacarías	6	2	orthographic	En el primer carro había caballos bermejos, y el segundo carro caballos negros,	En el primer carro había caballos bermejos, y en el segundo carro caballos negros,	
Zacarías	7	1	orthographic	ACONTECIÓ en el año cuarto del rey Darío, que fué palabra de Jehová á Zacarías á los cuatro del mes noveno, que es Chisleu;	Y ACONTECIÓ en el año cuarto del rey Darío, que fué palabra de Jehová á Zacarías á los cuatro del mes noveno, que es Chisleu;	
Zacarías	9	15	orthographic	Jehová de los ejércitos los amparará, y ellos devorarán, y sujetarán á las piedras de la honda, y beberán y harán estrépido como tomados del vino; y se llenarán como cuenco, ó como los lados del altar.	Jehová de los ejércitos los amparará, y ellos devorarán, y sujetarán á las piedras de la honda, y beberán, y harán estrépito como tomados del vino; y se llenarán como cuenco, ó como los lados del altar.	
Zacarías	14	18	orthographic	Y si la familia de Egipto no subiere, y no vinere, sobre ellos no habrá lluvia; vendrá la plaga con que Jehová herirá las gentes que no subieren á celebrar la fiesta de las Cabañas.	Y si la familia de Egipto no subiere, y no viniere, sobre ellos no habrá lluvia; vendrá la plaga con que Jehová herirá las gentes que no subieren á celebrar la fiesta de las Cabañas.	
Zacarías	14	19	orthographic	Esta será la pena del pecado de Egipto, y del pecado de todas las gentes que no subieran á celebrar la fiesta de las Cabañas.	Esta será la pena del pecado de Egipto, y del pecado de todas las gentes que no subieren á celebrar la fiesta de las Cabañas.	
Malaquías	1	13	orthographic	Habéis además dicho: ¡Oh qué trabajo! y lo desechasteis, dice Jehová de los ejércitos; y trajisteis lo hurtado, ó cojo, ó enfermo, y presentasteis ofrenda. ¿Seráme acepto eso de vuesta mano? dice Jehová.	Habéis además dicho: ¡Oh qué trabajo! y lo desechasteis, dice Jehová de los ejércitos; y trajisteis lo hurtado, ó cojo, ó enfermo, y presentasteis ofrenda. ¿Seráme acepto eso de vuestra mano? dice Jehová.	
San Mateo	6	19	orthographic	No os hagáis tesoros en la tierra, donde la polilla y el orín corrompe, y donde ladronas minan y hurtan;	No os hagáis tesoros en la tierra, donde la polilla y el orín corrompe, y donde ladrones minan y hurtan;	
San Mateo	13	11	punctuation-only	Y él respondiendo, les dijo: Porque á vosotros es concedido saber los misterios del reino de los cielos; mas á ellos no es concedido.	Y él respondiendo, les dijo: Por que á vosotros es concedido saber los misterios del reino de los cielos; mas á ellos no es concedido.	
Marcos	2	8	orthographic	Y conociendo luego Jesús en su Espíritu que pensaban así dentro de sí, les dijo: ¿Por qué pensáis estas cosas en vuestros corazones?	Y conociendo luego Jesús en su espíritu que pensaban así dentro de sí mismos, les dijo: ¿Por qué pensáis estas cosas en vuestros corazones?	
Marcos	2	13	orthographic	Y volvió a salir al mar, y toda la gente venía a él, y les enseñaba.	Y volvió á salir á la mar, y toda la gente venía á él, y los enseñaba.	
Marcos	2	17	orthographic	Y oyéndolo Jesús, les dice: Los sanos no tienen necesidad de médico, sino los que tienen mal. No he venido a llamar a los justos, mas a los pecadores.	Y oyéndolo Jesús, les dice: Los sanos no tienen necesidad de médico, mas los que tienen mal. No he venido á llamar á los justos, sino á los pecadores.	
Marcos	2	20	orthographic	Mas vendrán días, cuando el Esposo les será quitado de ellos; y entonces, en aquellos días ayunarán.	Mas vendrán días, cuando el esposo les será quitado, y entonces en aquellos días ayunarán.	
Marcos	2	21	orthographic	Nadie echa remiendo de paño nuevo en vestido viejo; de otra manera el mismo remiendo nuevo tira del viejo, y la rotura se hace peor.	Nadie echa remiendo de paño recio en vestido viejo; de otra manera el mismo remiendo nuevo tira del viejo, y la rotura se hace peor.	
Marcos	2	26	orthographic	Cómo entró en la casa de Dios, siendo Abiatar sumo pontífice, y comió los panes de la proposición, de los cuales no es lícito comer sino a los sacerdotes, y aun dio a los que con él estaban?	Cómo entró en la casa de Dios, siendo Abiathar sumo pontífice, y comió los panes de la proposición, de los cuales no es lícito comer sino á los sacerdotes, y aun dió á los que con él estaban?	
Marcos	7	11	orthographic	Y vosotros decís: Basta si dijere un hombre al padre ó á la madre: Es Corbán (quiere decir, don mío á Dios) todo aquello con que pudiera valerte;	Y vosotros decís: Basta si dijere un hombre al padre ó la madre: Es Corbán (quiere decir, don mío á Dios) todo aquello con que pudiera valerte;	
Marcos	13	37	orthographic	Y las cosas que á vosotros digo, á todos las dijo: Velad.	Y las cosas que á vosotros digo, á todos las digo: Velad.	
Marcos	14	25	orthographic	De cierto os digo que no beberé más del fruto de la vid, hasta aquel día cundo lo beberé nuevo en el reino de Dios.	De cierto os digo que no beberé más del fruto de la vid, hasta aquel día cuando lo beberé nuevo en el reino de Dios.	
Marcos	14	58	orthographic	Nosotros le hemos oído decir: Yo derribaré este templo que es hecho de mano, y en tres días edificaré otro hecho sin mano.	Nosotros le hemos oído decir: Yo derribaré este templo que es hecho de mano, y en tres días edificaré otro echo sin mano.	
San Lucas	2	5	punctuation-only	Para ser empadronado con María su mujer, desposada con él, la cual estaba encinta.	Para ser empadronado con María su mujer, desposada con él, la cual estaba en cinta.	
San Lucas	3	26	orthographic	Que fué de Naggai, que fué de Maat, que fué de Matthathías, que fué de Semei, que fué de José, que fué de Judá,	Que fué de Naggai, que fué de Maat, que fué de Mattathías, que fué de Semei, que fué de José, que fué de Judá,	
San Lucas	8	4	punctuation-only	Ycomo se juntó una grande compañía, y los que estaban en cada ciudad vinieron á él, dijo por una parábola:	Y como se juntó una grande compañía, y los que estaban en cada ciudad vinieron á él, dijo por una parábola:	
San Lucas	11	42	orthographic	Mas ¡ay de vosotros, Fariseos! que diezmáis la menta, y la ruda, y toda hortliza; mas el juicio y la caridad de Dios pasáis de largo. Pues estas cosas era necesario hacer, y no dejar las otras.	Mas ¡ay de vosotros, Fariseos! que diezmáis la menta, y la ruda, y toda hortaliza; mas el juicio y la caridad de Dios pasáis de largo. Pues estas cosas era necesario hacer, y no dejar las otras.	
San Lucas	13	19	punctuation-only	Semejante es al grano de la mostaza, que tomándo lo un hombre lo metió en su huerto; y creció, y fué hecho árbol grande, y las aves del cielo hicieron nidos en sus ramas.	Semejante es al grano de la mostaza, que tomándolo un hombre lo metió en su huerto; y creció, y fué hecho árbol grande, y las aves del cielo hicieron nidos en sus ramas.	
San Lucas	20	31	orthographic	Y la tomó el tercero: asimismo también todos siete: y muerieron sin dejar prole.	Y la tomó el tercero: asimismo también todos siete: y murieron sin dejar prole.	
San Lucas	23	3	orthographic	Entonces Pilato le preguntó, diciendo: ¿Eres tú el Rey de los Judíos? Y respondiéndo él, dijo: Tú lo dices.	Entonces Pilato le preguntó, diciendo: ¿Eres tú el Rey de los Judíos? Y respondiéndole él, dijo: Tú lo dices.	
Juan	4	23	orthographic	Mas la hora viene, y ahora es, cuando los verdaderos adoradores adorarán al Padre en espíritu y en verdad; porque también el Padre tales adoradores busca que adoren.	Mas la hora viene, y ahora es, cuando los verdaderos adoradores adorarán al Padre en espíritu y en verdad; porque también el Padre tales adoradores busca que le adoren.	
Juan	13	27	punctuation-only	Y tras el bocado Satanás entró en él. Entonces Jesús le dice: Lo que haces, haz lo más presto.	Y tras el bocado Satanás entró en él. Entonces Jesús le dice: Lo que haces, hazlo más presto.	
Juan	16	2	orthographic	Os echarán de los sinagogas; y aun viene la hora, cuando cualquiera que os matare, pensará que hace servició á Dios.	Os echarán de las sinagogas; y aun viene la hora, cuando cualquiera que os matare, pensará que hace servicio á Dios.	
Juan	16	17	punctuation-only	Entonces dijeron algunos de sus discípulos unos á otros: ¿Qué es esto que nos dice: Un poquito, y no me veréis; y otra vez un poquito, y me veréis: y, por que yo voy al Padre?	Entonces dijeron algunos de sus discípulos unos á otros: ¿Qué es esto que nos dice: Un poquito, y no me veréis; y otra vez un poquito, y me veréis: y, porque yo voy al Padre?	
Juan	21	2	orthographic	Estaban juntos Simón Pedro, y Tomás, llamado al Dídimo, y Natanael, el que era de Caná de Galilea, y los hijos de Zebedeo, y otros dos de sus discípulos.	Estaban juntos Simón Pedro, y Tomás, llamado el Dídimo, y Natanael, el que era de Caná de Galilea, y los hijos de Zebedeo, y otros dos de sus discípulos.	
Hechos	5	30	orthographic	El Dios de nuestros padres levantó á Jesús, al cual vosotros matasteis colgándole de un madero.	El Dios de nuestros padres levantó á Jesús, al cual vosotros matasteis colgándole en un madero.	
Hechos	7	32	orthographic	Yo soy el Dios de tus padres, y el Dios de Abraham, el Dios de Isaac, y el Dios de Jacob. Mas Moisés, temeroso, no osaba mirar.	Yo soy el Dios de tus padres, el Dios de Abraham, y el Dios de Isaac, y el Dios de Jacob. Mas Moisés, temeroso, no osaba mirar.	
Hechos	8	10	orthographic	El cual oían todos atentamente desde el más pequeño hasta el más grande, diciendo: Este es la gran virtud de Dios.	Al cual oían todos atentamente desde el más pequeño hasta el más grande, diciendo: Este es la gran virtud de Dios.	
Hechos	9	5	orthographic	Y él dijo: ¿Quién eres, Señor? Y él dijo: Yo soy Jesús á quien tú persigues: dura cosa te es dar coses contra el aguijón.	Y él dijo: ¿Quién eres, Señor? Y él dijo: Yo soy Jesús á quien tú persigues: dura cosa te es dar coces contra el aguijón.	
Hechos	11	20	orthographic	Y de ellos había unos varones Ciprios y Cirenences, los cuales como entraron en Antioquía, hablaron á los Griegos, anunciando el evangelio del Señor Jesús.	Y de ellos había unos varones Ciprios y Cirenenses, los cuales como entraron en Antioquía, hablaron á los Griegos, anunciando el evangelio del Señor Jesús.	
Hechos	17	22	orthographic	Estando pues Pablo en medio del Areópago, dijo: Varones Atenienses, en todo os veo como más superticiosos;	Estando pues Pablo en medio del Areópago, dijo: Varones Atenienses, en todo os veo como más supersticiosos;	
Hechos	19	35	orthographic	Entonces el escribano, apaciguado que hubo la gente, dijo: Varones Efesios ¿y quién hay de los hombres que no sepa que la ciudad de los Efesios es honradora de la grande diosa Diana, y de la imagen venida de Júpiter?	Entonces el escribano, apaciguado que hubo la gente, dijo: Varones Efesios, ¿y quién hay de los hombres que no sepa que la ciudad de los Efesios es honradora de la gran diosa Diana, y de la imagen venida de Júpiter?	
Hechos	19	40	DIGITAL-MISALIGNED->41	Porque peligro hay de que seamos argüidos de sedición por hoy, no habiendo ninguna causa por la cual podamos dar razón de este concurso.	Porque peligro hay de que seamos argüidos de sedición por hoy, no habiendo ninguna causa por la cual podamos dar razón de este concurso. Y habiendo dicho esto, despidió la concurrencia.	
Hechos	19	41	SUBSTANTIVE	Y habiendo dicho esto, despidió la concurrencia.		
Hechos	20	16	orthographic	Porque Pablo se había propuesto pasar adelante de Efeso, por no deternerse en Asia: porque se apresuraba por hacer el día de Pentecostés, si le fuese posible, en Jerusalem.	Porque Pablo se había propuesto pasar adelante de Efeso; por no detenerse en Asia: porque se apresuraba por hacer el día de Pentecostés, si le fuese posible, en Jerusalem.	
Hechos	21	25	orthographic	Empero cuanto á los que de los Gentiles han creído, nosotros hemos escrito haberse acordado que no guarden nada de esto; solamente que se abstengan de lo que fue sacrificado á los ídolos, y de sangre, y de ahogado, y de fornicación.	Empero cuanto á los que de los Gentiles han creído, nosotros hemos escrito haberse acordado que no guarden nada de esto; solamente que se abstengan de lo que fuere sacrificado á los ídolos, y de sangre, y de ahogado, y de fornicación.	
Hechos	26	9	orthographic	Yo ciertamente había pensando deber hacer muchas cosas contra el nombre de Jesús de Nazaret:	Yo ciertamente había pensado deber hacer muchas cosas contra el nombre de Jesús de Nazaret:	
Hechos	27	1	orthographic	MAS como fué determinado que habíamos de navegar para Italia, entregaron á Pablo y algunos otros presos á un centurión, llamado Julio, de la compañía Augusta.	MAS como fué determinado que habíamos de navegar para Italia, entregaron á Pablo y á algunos otros presos á un centurión, llamado Julio, de la compañía Augusta.	
Romanos	1	13	orthographic	Mas no quiero, hermanos, que ingnoréis que muchas veces me he propuesto ir á vosotros (empero hasta ahora he sido estorbado), para tener también entre vosotros algún fruto, como entre los demás Gentiles.	Mas no quiero, hermanos, que ignoréis que muchas veces me he propuesto ir á vosotros (empero hasta ahora he sido estorbado), para tener también entre vosotros algún fruto, como entre los demás Gentiles.	
Romanos	2	24	orthographic	Porque el nombre de Dios es blasfemado por causa de vosotros entre los Gentiles, como está esctrito.	Porque el nombre de Dios es blasfemado por causa de vosotros entre los Gentiles, como está escrito.	
Romanos	3	23	orthographic	Por cuanto todos pecaron, y están distituídos de la gloria de Dios;	Por cuanto todos pecaron, y están destituídos de la gloria de Dios;	
Romanos	4	2	orthographic	Que si Abraham fué justificado por las obras, tiene de qué gloriarse; mas no para con Dios.	Que si Abraham fué justificado por la obras, tiene de qué gloriarse; mas no para con Dios.	
Romanos	6	13	orthographic	Ni tampoco presentéis vuestros miembros al pecado por instrumento de iniquidad; antes presentaos á Dios como vivos de los muertos, y vuestros miembros á Dios por instrumentos de justicia.	Ni tampoco presentéis vuestros miembros al pecado por instrumentos de iniquidad; antes presentaos á Dios como vivos de los muertos, y vuestros miembros á Dios por instrumentos de justicia.	
Romanos	6	17	orthographic	Empero gracias á Dios, que aunque fuistes siervos del pecado, habéis obedecido de corazón á aquella forma de doctrina á la cual sois entregados;	Empero gracias á Dios, que aunque fuisteis siervos del pecado, habéis obedecido de corazón á aquella forma de doctrina á la cual sois entregados;	
Romanos	7	20	orthographic	Y si hago lo que no quiero, ya no obro yo, sino el mal que mora en mí.	Y si hago lo que no quiero, ya no lo obro yo, sino el pecado que mora en mí.	
Romanos	15	15	orthographic	Mas os he escrito, hermanos, en parte resueltamente, como amonestádoos por la gracia que de Dios me es dada,	Mas os he escrito, hermanos, en parte resueltamente, como amonestándoos por la gracia que de Dios me es dada,	
Romanos	16	27	SUBSTANTIVE	Al sólo Dios sabio, sea gloria por Jesucristo para siempre. Amén.	Al solo Dios sabio, sea gloria por Jesucristo para siempre. Amén. Fué escrita de Corinto á los Romanos, enviada por medio de Febe, diaconisa de la iglesia de Cencreas.	
1 Corintios	3	22	orthographic	Sea Pablo, sea Apolos, sea Cefas, sea el mundo, sea la vida, sea la muerte, sea lo presente, sea lo por venir; todo es vuestro;	Sea Pablo, sea Apolos, sea Cefas, sea el mundo, sea la vida, sea la muerte, sea lo presente, sea los por venir; todo es vuestro;	
1 Corintios	7	16	orthographic	Porque ¿de dónde sabes, oh mujer, si quizá harás salva á tu marido? ¿ó de dónde sabes, oh marido, si quizá harás salvo á tu mujer?	Porque ¿de dónde sabes, oh mujer, si quizá harás salvo á tu marido? ¿ó de dónde sabes, oh marido, si quizá harás salva á tu mujer?	
1 Corintios	14	4	orthographic	El que habla lengua extraña, á sí mismo se edifica; mas el que porfetiza, edifica á la iglesia.	El que habla lengua extraña, á sí mismo se edifica; mas el que profetiza, edifica á la iglesia.	
1 Corintios	16	24	SUBSTANTIVE	Mi amor en Cristo Jesús sea con todos vosotros. Amén.	Mi amor en Cristo Jesús sea con todos vosotros. Amén. La primera á los Corintios fué enviada de Filipos con Estéfanas, y Fortunato, y Achâico, y Timoteo.	
2 Corintios	6	1	orthographic	Y ASÍ nosotros, como ayudadores juntamente con él, os exhortamos también á que no recibáis en vano la gracia de Dios, (Porque dice:	Y ASÍ nosotros, como ayudadores juntamente con él, os exhortamos también á que no recibáis en vano la gracia de Dios,	
2 Corintios	6	2	orthographic	En tiempo aceptable te he oído, Y en día de salud te he socorrido: he aquí ahora el tiempo aceptable; he aquí ahora el día de salud:)	(Porque dice: En tiempo aceptable te he oído, y en día de salud te he socorrido: he aquí ahora el tiempo aceptable; he aquí ahora el día de salud:)	
2 Corintios	13	12	DIGITAL-MISALIGNED->14	Saludaos los unos á los otros con ósculo santo.	Saludaos los unos á los otros con ósculo santo. Todos los santos os saludan.	
2 Corintios	13	13	DIGITAL-MISALIGNED->14	Todos los santos os saludan.	La gracia del Señor Jesucristo, y el amor de Dios, y la participación del Espíritu Santo sea con vosotros todos. Amén. La segunda Epístola á los Corintios fué enviada de Filipos de Macedonia con Tito y Lucas.	
2 Corintios	13	14	SUBSTANTIVE	La gracia del Señor Jesucristo, y el amor de Dios, y la participación del Espíritu Santo sea con vosotros todos. Amén.		
Gálatas	1	18	orthographic	Depués, pasados tres años, fuí á Jerusalem á ver á Pedro, y estuve con él quince días.	Después, pasados tres años, fuí á Jerusalem á ver á Pedro, y estuve con él quince días.	
Gálatas	5	11	orthographic	Y yo, hermanos, si aún predico la circuncisión, ¿por qué padezco pesecución todavía? pues que quitado es el escándalo de la cruz.	Y yo, hermanos, si aun predico la circuncisión, ¿por qué padezco persecución todavía? pues que quitado es el escándalo de la cruz.	
Gálatas	6	18	SUBSTANTIVE	Hermanos, la gracia de nuestro Señor Jesucristo sea con vuestro espíritu. Amén.	Hermanos, la gracia de nuestro Señor Jesucristo sea con vuestro espíritu. Amén. Enviada de Roma á los Gálatas.	
Efesios	4	23	orthographic	Y á renovarnos en el espíritu de vuestra mente,	Y á renovaros en el espíritu de vuestra mente,	
Efesios	6	24	SUBSTANTIVE	Gracia sea con todos los que aman á nuestro Señor Jesucristo en sinceridad. Amén.	Gracia sea con todos los que aman á nuestro Señor Jesucristo en sinceridad. Amén. Escrita de Roma á los Efesios por Tichîco.	
Filipenses	4	23	SUBSTANTIVE	La gracia de nuestro Señor Jesucristo sea con todos vosotros. Amén.	La gracia de nuestro Señor Jesucristo sea con todos vosotros. Amén. Escrita de Roma con Epafrodito.	
Colosenses	2	8	orthographic	Mirad que ninguno os engañe por filosofías y vanas sustilezas, según las tradiciones de los hombres, conforme á los elementos del mundo, y no según Cristo:	Mirad que ninguno os engañe por filosofías y vanas sutilezas, según las tradiciones de los hombres, conforme á los elementos del mundo, y no según Cristo:	
1 Tesalonicenses	5	28	SUBSTANTIVE	La gracia de nuestro Señor Jesucristo sea con vosotros. Amén.	La gracia de nuestro Señor Jesucristo sea con vosotros. Amén. La primera epístola á los Tesalonicenses fué escrita de Atenas.	
2 Tesalonicenses	3	18	SUBSTANTIVE	La gracia de nuestro Señor Jesucristo sea con todos vosotros. Amén.	La gracia de nuestro Señor Jesucristo sea con todos vosotros. Amén. La segunda Epístola á los Tesalonicenses fué escrita de Atenas.	
1 Timoteo	5	13	orthographic	Y aun también se acostrumbran á ser ociosas, á andar de casa en casa; y no solamente ociosas, sino también parleras y curiosas, hablando lo que no conviene.	Y aun también se acostumbran á ser ociosas, á andar de casa en casa; y no solamente ociosas, sino también parleras y curiosas, hablando lo que no conviene.	
1 Timoteo	6	21	SUBSTANTIVE	La cual profesando algunos, fueron descaminados acerca de la fe. La gracia sea contigo. Amén.	La cual profesando algunos, fueron descaminados acerca de la fe. La gracia sea contigo. Amén. La primera epístola á Timoteo fué escrita de Laodicea, que es metrópoli de la Frigia Pacatiana.	
2 Timoteo	1	13	orthographic	Retén la forma de las sanas palabras de mí oíste, en la fe y amor que es en Cristo Jesús.	Retén la forma de las sanas palabras que de mí oíste, en la fe y amor que es en Cristo Jesús.	
2 Timoteo	2	21	orthographic	Así que, si alguno se limpiare de estas cosas, será vaso para honra, santificado, y útil para los usos del Señor, y aparejado para toda buena obra.	Así que, si alguno se limpiare de estas cosas, será vaso para honra, santificado, y útil para los usos del Señor, y aparejado para todo buena obra.	
2 Timoteo	4	3	orthographic	Porque vendrá tiempo cuando no sufrirán la sana doctrina; antes, teniendo comezón de oir, se amotonarán maestros conforme á sus concupiscencias,	Porque vendrá tiempo cuando no sufrirán la sana doctrina; antes, teniendo comezón de oir, se amontonarán maestros conforme á sus concupiscencias,	
2 Timoteo	4	22	SUBSTANTIVE	El Señor Jesucristo sea con tu espíritu. La gracia sea con vosotros. Amén.	El Señor Jesucristo sea con tu espíritu. La gracia sea con vosotros. Amén. La segunda epístola á Timoteo, el cual fué el primer obispo ordenado en Efeso, fué escrita de Roma, cuando Pablo fué presentado la segunda vez á César Nerón.	
Tito	3	15	SUBSTANTIVE	Todos los que están conmigo te saludan. Saluda á los que nos aman en la fe. La gracia sea con todos vosotros. Amén.	Todos los que están conmigo te saludan. Saluda á los que nos aman en la fe. La gracia sea con todos vosotros. Amén. A Tito, el cual fué el primer obispo ordenado á la iglesia de los Cretenses, escrita de Nicópolis de Macedonia.	
Filemón	1	9	punctuation-only	Ruégo te más bien por amor, siendo tal cual soy, Pablo viejo, y aun ahora prisionero de Jesucristo:	Ruégote más bien por amor, siendo tal cual soy, Pablo viejo, y aun ahora prisionero de Jesucristo:	
Filemón	1	25	SUBSTANTIVE	La gracia de nuestro Señor Jesucristo sea con vuestro espíritu. Amén.	La gracia de nuestro Señor Jesucristo sea con vuestro espíritu. Amén. A Filemón fué enviada de Roma por Onésimo, siervo.	
Hebreos	7	26	orthographic	Porque tal pontífice nos convenía: santo, inocente, limpio, apartado de los pecadores, y hecho más sublime de los cielos;	Porque tal pontífice nos convenía: santo, inocente, limpio, apartado de los pecadores, y hecho más sublime que los cielos;	
Hebreos	8	5	orthographic	Los cuales sirven de bosquejo y sombre de las cosas celestiales, como fué respondido á Moisés cuando había de acabar el tabernáculo: Mira, dice, haz todas las cosas conforme al dechado que te ha sido mostrado en el monte.	Los cuales sirven de bosquejo y sombra de las cosas celestiales, como fué respondido á Moisés cuando había de acabar el tabernáculo: Mira, dice, haz todas las cosas conforme al dechado que te ha sido mostrado en el monte.	
Hebreos	8	11	orthographic	Y ninguno eneseñará á su prójimo, Ni ninguno á su hermano, diciendo: Conoce al Señor: Porque todos me conocerán, Desde el menor de ellos hasta el mayor.	Y ninguno enseñará á su prójimo, ni ninguno á su hermano, diciendo: Conoce al Señor: porque todos me conocerán, desde el menor de ellos hasta el mayor.	
Hebreos	12	27	SUBSTANTIVE	Y esta palabra, Aun una vez, declara la mudanza de las cosas movibles, como de cosas que son firmes.	Y esta palabra, Aun una vez, declara la mudanza de las cosas movibles, como de cosas hechas, para que queden las cosas que son firmes.	
Hebreos	12	28	SUBSTANTIVE	Así que, tomando el reino inmóvil, vamos á Dios agradándole con temor y reverencia;	Así que, tomando el reino inmóvil, retengamos la gracia por la cual sirvamos á Dios agradándole con temor y reverencia;	
Hebreos	13	25	SUBSTANTIVE	La gracia sea con todos vosotros. Amén.	La gracia sea con todos vosotros. Amén. Fué escrita á los Hebreos desde Italia con Timoteo.	
Santiago	2	4	orthographic	¿No juzguáis en vosotros mismos, y venís á ser jueces de pensamientos malos?	¿No juzgáis en vosotros mismos, y venís á ser jueces de pensamientos malos?	
Santiago	4	2	orthographic	Codiciáis, y no tenéis; matáis y ardéis de envidia, y no podéis alcanzar; combatís y gerreáis, y no tenéis lo que deseáis, porque no pedís.	Codiciáis, y no tenéis; matáis y ardéis de envidia, y no podéis alcanzar; combatís y guerreáis, y no tenéis lo que deseáis, porque no pedís.	
1 Pedro	1	22	orthographic	Habiendo purificado vuestras almas en la obediencia de la verdad, por el Espíritu, en caridad hermanable sin fingimiento, amaos unos á otros entrañablemente de corazón puro:	Habiendo purificado vuestra almas en la obediencia de la verdad, por el Espíritu, en caridad hermanable sin fingimiento, amaos unos á otros entrañablemente de corazón puro:	
1 Pedro	2	5	orthographic	Vosotros también, como piedras vivas, sed edificados una casa espitirual, y un sacerdocio santo, para ofrecer sacrificios espirituales, agradables á Dios por Jesucristo.	Vosotros también, como piedras vivas, sed edificados una casa espiritual, y un sacerdocio santo, para ofrecer sacrificios espirituales, agradables á Dios por Jesucristo.	
1 Pedro	3	11	orthographic	Apártese del mal, y haga bien; Busque la paz, y sígala.	Apártase del mal, y haga bien; busque la paz, y sígala.	
1 Pedro	5	1	orthographic	RUEGO á los ancianos que están entre vosotros, yo anciano también con ellos, y testigo de las afliciciones de Cristo, que soy también participante de la gloria que ha de ser revelada:	RUEGO á los ancianos que están entre vosotros, yo anciano también con ellos, y testigo de las aflicciones de Cristo, que soy también participante de la gloria que ha de ser revelada:	
1 Pedro	5	10	orthographic	Mas el Dios de toda gracia, que nos ha llamado á su gloria eterna por Jesucristo, después que hubiereis un poco de tiempo padecido, él mismo os perfeccione, cofirme, corrobore y establezca.	Mas el Dios de toda gracia, que nos ha llamado á su gloria eterna por Jesucristo, después que hubiereis un poco de tiempo padecido, él mismo os perfeccione, confirme, corrobore y establezca.	
1 Juan	5	6	orthographic	Este es Jesucristo, que vino por agua y sangre: no por agua solamente, sino por agua y sangre. Y el Espíritu es el que da testimonio: porque el Espírtiu es la verdad.	Este es Jesucristo, que vino por agua y sangre: no por agua solamente, sino por agua y sangre. Y el Espíritu es el que da testimonio: porque el Espíritu es la verdad.	
Apocalipsis	6	1	orthographic	Y MIRÉ cuando el Cordero abrió uno de los sellos, y oí á uno los cuatro animales diciendo como con una voz de trueno: Ven y ve.	Y MIRÉ cuando el Cordero abrió uno de los sellos, y oí á uno de los cuatro animales diciendo como con una voz de trueno: Ven y ve.	
Apocalipsis	22	2	orthographic	En el medio de la plaza de ella, y de la una y de la otra parte del río, estaba el árbol de vida, que lleva doce frutos, dando cada mes su fruto: y las hojas del árbol eran para la sanidad de las naciones.	En el medio de la plaza de ella, y de la una y de la otra parte del río, estaba el árbol de la vida, que lleva doce frutos, dando cada mes su fruto: y las hojas del árbol eran para la sanidad de las naciones.	
